date,daily_total_pnl,daily_avg_pnl,daily_pnl_volatility,daily_trade_count,daily_volume,daily_avg_trade_size,daily_avg_leverage,daily_max_leverage,daily_winning_trades,daily_win_rate,daily_avg_abs_pnl,value_first,classification_first,risk_adjusted_pnl,date_dt,sentiment_lag1,sentiment_lag2,sentiment_change,next_day_pnl,next_day_volume
2023-12-05,0.0,0.0,0.0,9,50005.83,5556.203333333334,192.2224232254362,200.0,0,0.0,0.0,75.0,Extreme Greed,0.0,2023-12-05,63.0,,12.0,-205.43473700000007,113203.35
2023-12-14,-205.43473700000007,-18.675885181818188,179.66353383090035,11,113203.35,10291.213636363636,104.99109021200546,200.0,4,0.36363636363636365,77.18468390909092,72.0,Greed,-1.1371123582265659,2023-12-14,75.0,63.0,-3.0,-24.632033999999997,10609.95
2023-12-15,-24.632033999999997,-12.316016999999999,4.474304424985184,2,10609.95,5304.975,2.4280066377871266,2.981996974281392,0,0.0,12.316016999999999,70.0,Greed,-4.49957329511624,2023-12-15,72.0,75.0,-2.0,0.0,15348.77
2023-12-16,0.0,0.0,0.0,3,15348.77,5116.256666666667,0.31505813366870644,0.3807693572250534,0,0.0,0.0,67.0,Greed,0.0,2023-12-16,70.0,72.0,-3.0,304.982785,116278.02
2023-12-17,304.982785,21.78448464285714,43.51261683426808,14,116278.02,8305.572857142857,25.65579161787832,200.0,7,0.5,25.31667207142857,73.0,Greed,6.851603133905368,2023-12-17,67.0,70.0,6.0,0.0,31164.179999999997
2023-12-18,0.0,0.0,0.0,2,31164.179999999997,15582.089999999998,200.0,200.0,0,0.0,0.0,65.0,Greed,0.0,2023-12-18,73.0,67.0,-8.0,1000.5386120000001,91602.41
2023-12-19,1000.5386120000001,66.70257413333334,183.73537011741135,15,91602.41,6106.827333333334,31.494586084025713,200.0,10,0.6666666666666666,66.70257413333334,73.0,Greed,5.416064131974795,2023-12-19,65.0,73.0,8.0,162.732282,141636.79
2023-12-20,162.732282,9.040682333333333,21.3481314287044,18,141636.79,7868.710555555556,3.9890564228533787,11.98566176470588,8,0.4444444444444444,9.040682333333333,74.0,Greed,7.28169522893459,2023-12-20,73.0,65.0,1.0,537.211402,125233.97
2023-12-21,537.211402,10.963498000000001,20.811624735703514,49,125233.97,2555.795306122449,35.25388376272631,200.0,26,0.5306122448979592,10.970238897959183,70.0,Greed,24.62959126197679,2023-12-21,74.0,73.0,-4.0,141.832675,88874.28
2023-12-22,141.832675,14.1832675,40.92671758278208,10,88874.28,8887.428,152.13576046674024,200.0,2,0.2,14.1832675,74.0,Greed,3.3828709514394704,2023-12-22,70.0,74.0,4.0,146.936704,78438.25
2023-12-23,146.936704,11.302823384615383,11.478402785910806,13,78438.25,6033.711538461538,1.9400318546802822,12.137000345582305,8,0.6153846153846154,11.302823384615383,70.0,Greed,11.775281381837123,2023-12-23,74.0,70.0,-4.0,1008.619956,402954.94
2023-12-24,1008.619956,25.862050153846155,52.267012077476366,39,402954.94,10332.177948717948,70.25401866416563,200.0,15,0.38461538461538464,26.35323169230769,71.0,Greed,18.935170505395945,2023-12-24,70.0,74.0,1.0,-245.081348,59948.51
2023-12-25,-245.081348,-81.69378266666666,141.49778224115633,3,59948.51,19982.836666666666,200.0,200.0,0,0.0,81.69378266666666,73.0,Greed,-1.719895875889747,2023-12-25,71.0,70.0,2.0,-704.8892269999999,171411.06
2023-12-27,-704.8892269999999,-25.174615249999995,153.67464419092525,28,171411.06,6121.823571428571,0.25500524102553235,1.9414881623449831,4,0.14285714285714285,81.60614717857142,73.0,Greed,-4.557238393449336,2023-12-27,73.0,71.0,0.0,-970.730876,100117.25
2023-12-28,-970.730876,-42.20569026086957,55.01514381004261,23,100117.25,4352.923913043478,0.20180190706607704,0.4538450301683074,0,0.0,42.20569026086957,73.0,Greed,-17.329793516052057,2023-12-28,73.0,73.0,0.0,508.92214299999995,569559.72
2023-12-29,508.92214299999995,10.178442859999999,78.11192586732814,50,569559.72,11391.1944,81.84315357166442,200.0,15,0.3,26.28535514,65.0,Greed,6.432938364482112,2023-12-29,73.0,73.0,-8.0,354.998648,702550.21
2023-12-30,354.998648,6.826897076923077,68.40190063585914,52,702550.21,13510.58096153846,136.88890225131675,200.0,23,0.4423076923076923,29.663031846153846,68.0,Greed,5.115114207932462,2023-12-30,65.0,73.0,3.0,-129.53146,264239.52999999997
2024-01-01,-129.53146,-7.196192222222223,85.84776860469921,18,264239.52999999997,14679.973888888888,104.85312784974528,200.0,1,0.05555555555555555,38.49364355555556,65.0,Greed,-1.4914771223378471,2024-01-01,68.0,65.0,-3.0,783.979116,121348.74
2024-01-02,783.979116,46.11641858823529,134.42834386429288,17,121348.74,7138.1611764705885,40.09268303106376,200.0,8,0.47058823529411764,75.85691517647058,71.0,Greed,5.788885056333502,2024-01-02,65.0,68.0,6.0,866.015507,394499.36
2024-01-03,866.015507,12.925604582089552,50.415365667933756,67,394499.36,5888.050149253731,34.58054914833013,200.0,28,0.417910447761194,14.849107746268658,70.0,Greed,16.843515469541984,2024-01-03,71.0,65.0,-1.0,-67.60364,99792.54000000001
2024-01-04,-67.60364,-13.520728,29.544005214373353,5,99792.54000000001,19958.508,100.1128122452468,200.0,0,0.0,13.520728,68.0,Greed,-2.2133194230921354,2024-01-04,70.0,71.0,-2.0,164.141565,1703942.66
2024-01-05,164.141565,2.486993409090909,60.7235758141571,66,1703942.66,25817.31303030303,188.49016256293226,200.0,13,0.19696969696969696,19.401752712121212,72.0,Greed,2.659300969441761,2024-01-05,68.0,70.0,4.0,135.58166400000002,298521.4
2024-01-06,135.58166400000002,6.16280290909091,37.338371573804935,22,298521.4,13569.154545454547,63.233698346143996,200.0,10,0.45454545454545453,17.917435636363635,70.0,Greed,3.5364481701835637,2024-01-06,72.0,68.0,-2.0,-835.681235,1048850.06
2024-01-07,-835.681235,-8.615270463917525,34.037905927281535,97,1048850.06,10812.887216494846,72.8048663838274,200.0,9,0.09278350515463918,12.10959706185567,71.0,Greed,-23.850775692314254,2024-01-07,70.0,72.0,1.0,-269.874439,1522452.43
2024-01-08,-269.874439,-2.1083940546875,122.41963598502315,128,1522452.43,11894.159609375,89.11980567131734,200.0,32,0.25,32.2277496171875,71.0,Greed,-2.186641022282297,2024-01-08,71.0,70.0,0.0,-826.349863,870051.97
2024-01-09,-826.349863,-11.804998042857143,214.1803231936485,70,870051.97,12429.313857142857,101.66892931680087,200.0,18,0.2571428571428571,48.72733087142857,76.0,Extreme Greed,-3.8402668549593084,2024-01-09,71.0,71.0,5.0,-1517.091342,2057479.48
2024-01-10,-1517.091342,-7.860576901554404,119.7894328095249,193,2057479.48,10660.515440414507,124.31507521926311,200.0,41,0.21243523316062177,32.70399850777202,73.0,Greed,-12.559801852802218,2024-01-10,76.0,71.0,-3.0,-164.08950099999998,305314.1
2024-01-11,-164.08950099999998,-7.813785761904761,101.92627878710132,21,305314.1,14538.766666666666,139.44276597153547,200.0,5,0.23809523809523808,36.411317476190476,76.0,Extreme Greed,-1.5942430148418385,2024-01-11,73.0,76.0,3.0,-1925.519024,200082.27
2024-01-12,-1925.519024,-275.0741462857143,669.9280140108323,7,200082.27,28583.181428571428,200.0,200.0,0,0.0,275.0741462857143,71.0,Greed,-2.8699338584614713,2024-01-12,76.0,73.0,-5.0,152.85358,50636.1
2024-01-15,152.85358,10.918112857142857,33.645786328134285,14,50636.1,3616.8642857142854,111.20412318404513,200.0,9,0.6428571428571429,10.918112857142857,52.0,Neutral,4.4118952461435255,2024-01-15,71.0,76.0,-19.0,-2299.171458,116427.33
2024-01-16,-2299.171458,-255.4634953333333,883.8757688873994,9,116427.33,12936.37,100.53752458528152,200.0,3,0.3333333333333333,464.26983799999994,64.0,Greed,-2.598298584772943,2024-01-16,52.0,71.0,12.0,813.2741110000001,800831.03
2024-01-17,813.2741110000001,15.344794547169812,75.6265391448607,53,800831.03,15110.019433962265,106.72413779047662,200.0,11,0.20754716981132076,19.4571749245283,60.0,Greed,10.613478307594242,2024-01-17,64.0,52.0,-4.0,68.93319,424631.52999999997
2024-01-18,68.93319,1.4985476086956522,39.503091785872144,46,424631.52999999997,9231.120217391304,149.87666127626997,200.0,3,0.06521739130434782,8.884135,63.0,Greed,1.701924148517584,2024-01-18,60.0,64.0,3.0,-385.419235,428428.97
2024-01-19,-385.419235,-8.029567395833334,51.79852685525565,48,428428.97,8925.603541666665,137.7352789932987,200.0,6,0.125,16.486023229166666,51.0,Neutral,-7.29981039161578,2024-01-19,63.0,60.0,-12.0,-146.57487000000003,1070090.51
2024-01-20,-146.57487000000003,-1.3827817924528305,38.554282761934644,106,1070090.51,10095.193490566038,122.67985116726116,200.0,15,0.14150943396226415,10.840922094339623,52.0,Neutral,-3.7056637047924794,2024-01-20,51.0,63.0,1.0,266.58114600000005,103129.74
2024-01-21,266.58114600000005,24.234649636363642,65.56080670770307,11,103129.74,9375.43090909091,91.53893105608618,200.0,3,0.2727272727272727,32.52577690909091,56.0,Greed,4.005076849063319,2024-01-21,52.0,51.0,4.0,1375.640959,337878.99
2024-01-22,1375.640959,16.18401128235294,80.41613478472654,85,337878.99,3975.0469411764707,39.31823691807678,200.0,23,0.27058823529411763,27.827195399999997,55.0,Greed,16.896416940417893,2024-01-22,56.0,52.0,-1.0,-369.2447299999998,414518.93000000005
2024-01-23,-369.2447299999998,-8.20543844444444,613.9643726523253,45,414518.93000000005,9211.531777777778,60.33365467909839,200.0,11,0.24444444444444444,141.14064666666667,50.0,Neutral,-0.6004327184149821,2024-01-23,55.0,56.0,-5.0,-2808.353815,965084.59
2024-01-24,-2808.353815,-41.29932080882353,149.8053621490879,68,965084.59,14192.42044117647,144.4912926689721,200.0,10,0.14705882352941177,55.72184713235294,48.0,Neutral,-18.62237373379091,2024-01-24,50.0,55.0,-2.0,-3093.6293849999997,66566.13
2024-01-25,-3093.6293849999997,-515.6048975,356.6379016697523,6,66566.13,11094.355000000001,37.4310241557582,87.94601189568401,0,0.0,515.6048975,52.0,Neutral,-8.650172061060516,2024-01-25,48.0,50.0,4.0,90.2,11773.21
2024-01-26,90.2,18.04,40.33866631409621,5,11773.21,2354.642,0.068828855631954,0.23365,1,0.2,18.04,49.0,Neutral,2.181976537768525,2024-01-26,52.0,48.0,-3.0,-2478.06972,18109.03
2024-01-28,-2478.06972,-225.27906545454545,262.6842407250483,11,18109.03,1646.2754545454545,3.8874140893833866,16.956019485038276,0,0.0,225.27906545454545,54.0,Neutral,-9.397868121303311,2024-01-28,49.0,52.0,5.0,486.562542,414208.18
2024-01-29,486.562542,6.5751694864864865,28.607026832226527,74,414208.18,5597.407837837838,131.2081857481186,200.0,45,0.6081081081081081,6.5751694864864865,55.0,Greed,16.434022394656274,2024-01-29,54.0,49.0,1.0,-173.65419100000003,401011.38
2024-01-30,-173.65419100000003,-3.5439630816326537,55.423048103905174,49,401011.38,8183.905714285715,140.41131631741652,200.0,5,0.10204081632653061,19.978034142857144,61.0,Greed,-3.0777172952480214,2024-01-30,55.0,54.0,6.0,-799.840817,6305647.13
2024-01-31,-799.840817,-0.93113017112922,21.84950915114784,859,6305647.13,7340.683504074505,111.30352638493227,200.0,231,0.2689173457508731,3.57716494644936,60.0,Greed,-35.00472643456414,2024-01-31,61.0,55.0,-1.0,0.0,2008.18
2024-02-01,0.0,0.0,0.0,6,2008.18,334.69666666666666,0.0095648038370384,0.0130346432264736,0,0.0,0.0,63.0,Greed,0.0,2024-02-01,60.0,61.0,3.0,456.423473,474278.43
2024-02-02,456.423473,10.867225547619048,41.93124714430262,42,474278.43,11292.343571428572,158.3097664252512,200.0,13,0.30952380952380953,17.306328690476192,63.0,Greed,10.631498112921038,2024-02-02,63.0,60.0,0.0,223.30918699999998,603820.0
2024-02-03,223.30918699999998,3.9876640535714283,68.62663189543068,56,603820.0,10782.5,172.3219575432418,200.0,6,0.10714285714285714,15.796827375000001,60.0,Greed,3.207238105892853,2024-02-03,63.0,63.0,-3.0,47.62389499999999,203187.53
2024-02-04,47.62389499999999,1.360682714285714,31.922762604224417,35,203187.53,5805.358,106.15659568532169,200.0,9,0.2571428571428571,16.501332542857142,60.0,Greed,1.446533985391895,2024-02-04,60.0,63.0,0.0,-33.45419400000003,770198.26
2024-02-05,-33.45419400000003,-0.4646415833333337,46.10792460482958,72,770198.26,10697.198055555556,143.26984328278772,200.0,14,0.19444444444444445,18.352106194444445,60.0,Greed,-0.710160642410688,2024-02-05,60.0,60.0,0.0,-215.615907,8047153.41
2024-02-06,-215.615907,-0.19817638511029412,12.69131338108202,1088,8047153.41,7396.280707720588,144.654055599504,200.0,179,0.1645220588235294,3.573330190257353,64.0,Greed,-15.748372781966074,2024-02-06,60.0,60.0,4.0,241.24212,6758.73
2024-02-07,241.24212,16.082808,56.54657345272468,15,6758.73,450.582,8.781549869549984,83.13125,2,0.13333333333333333,16.082808,62.0,Greed,4.192119626343762,2024-02-07,64.0,60.0,-2.0,770.756024,26051.12
2024-02-08,770.756024,77.07560240000001,139.74567826297627,10,26051.12,2605.112,15.490192236258263,96.6649096385542,4,0.4,77.07560240000001,66.0,Greed,5.476232261710238,2024-02-08,62.0,64.0,4.0,983.443176,212311.82
2024-02-11,983.443176,28.924799294117648,108.62231864377547,34,212311.82,6244.465294117647,83.19303321025498,200.0,7,0.20588235294117646,28.924799294117648,71.0,Greed,8.97119480929572,2024-02-11,66.0,62.0,5.0,913.8817869999998,227247.69999999998
2024-02-12,913.8817869999998,57.11761168749999,828.6571214700353,16,227247.69999999998,14202.981249999999,157.59261493269233,200.0,6,0.375,497.4342828125,70.0,Greed,1.1015174381685897,2024-02-12,71.0,66.0,-1.0,559.44389,1999.99
2024-02-13,559.44389,39.960277857142856,37.98023035380744,14,1999.99,142.85642857142858,0.0022569105778128856,0.0089091955944354,14,1.0,39.960277857142856,79.0,Extreme Greed,14.351990353113848,2024-02-13,70.0,71.0,9.0,3830.599833,320839.88
2024-02-14,3830.599833,34.509908405405405,46.39591290180694,111,320839.88,2890.4493693693694,21.89625572773986,200.0,83,0.7477477477477478,34.51012101801802,74.0,Greed,80.82131134252214,2024-02-14,79.0,70.0,-5.0,1840.797677,185188.04
2024-02-15,1840.797677,29.219010746031746,316.49357810076214,63,185188.04,2939.4926984126987,30.45947978498398,200.0,57,0.9047619047619048,107.55227611111111,72.0,Greed,5.797905230120247,2024-02-15,74.0,79.0,-2.0,5491.768834,564896.51
2024-02-16,5491.768834,30.174554032967034,123.4402416266129,182,564896.51,3103.826978021978,5.572672193941894,200.0,146,0.8021978021978022,30.174554032967034,72.0,Greed,44.131775719933394,2024-02-16,72.0,74.0,0.0,1929.6418,406118.07
2024-02-17,1929.6418,20.52810425531915,60.99818527497303,94,406118.07,4320.405,47.20584272675268,200.0,61,0.648936170212766,26.670263468085107,76.0,Extreme Greed,31.124165835527183,2024-02-17,72.0,72.0,4.0,477.6248299999999,157048.17
2024-02-18,477.6248299999999,4.923967319587628,82.70537448739243,97,157048.17,1619.0532989690723,1.568408834081236,49.35162581779124,61,0.6288659793814433,35.695101340206186,72.0,Greed,5.706023453391741,2024-02-18,76.0,72.0,-4.0,4317.768563,286377.2
2024-02-19,4317.768563,42.750183792079206,118.65122386431476,101,286377.2,2835.417821782178,6.356442601397762,200.0,77,0.7623762376237624,42.91620715841584,75.0,Extreme Greed,36.086288326614834,2024-02-19,72.0,76.0,3.0,3263.628824,119419.72
2024-02-20,3263.628824,83.68279035897436,192.32028933388216,39,119419.72,3062.0441025641026,10.474525353865488,200.0,31,0.7948717948717948,83.68353343589743,72.0,Greed,16.881977754354633,2024-02-20,75.0,72.0,-3.0,1858.7985700000002,108047.51999999999
2024-02-21,1858.7985700000002,84.49084409090909,124.40293552909927,22,108047.51999999999,4911.250909090909,11.91147125681298,94.16301703163016,15,0.6818181818181818,84.49084409090909,78.0,Extreme Greed,14.822608116447746,2024-02-21,72.0,75.0,6.0,3894.1050699999996,373033.87
2024-02-22,3894.1050699999996,44.25119397727272,227.58249822355432,88,373033.87,4239.02125,6.665080453023679,200.0,40,0.45454545454545453,80.88301129545454,74.0,Greed,17.035884637989888,2024-02-22,78.0,72.0,-4.0,1418.55293,111106.14
2024-02-23,1418.55293,9.91995055944056,13.037213323027334,143,111106.14,776.966013986014,1.7375065819141282,200.0,137,0.958041958041958,9.920000489510489,76.0,Extreme Greed,101.05659131595131,2024-02-23,74.0,78.0,2.0,-30.7705,4480.13
2024-02-25,-30.7705,-6.1541,8.951179489427636,5,4480.13,896.0260000000001,2.2724704275155054,7.894333333333334,0,0.0,6.1541,74.0,Greed,-3.0921460147202944,2024-02-25,76.0,74.0,-2.0,4416.8473,192187.14
2024-02-26,4416.8473,113.25249487179488,224.52232628850106,39,192187.14,4927.875384615385,0.7867662069813287,7.539997508719482,34,0.8717948717948718,113.25249487179488,72.0,Greed,19.584966919637555,2024-02-26,74.0,76.0,-2.0,888.511733,209362.3
2024-02-27,888.511733,14.103360841269842,91.69654366328295,63,209362.3,3323.2111111111108,11.996544284262567,133.2000962000962,26,0.4126984126984127,48.6395763968254,79.0,Extreme Greed,9.585165723411315,2024-02-27,72.0,74.0,7.0,2503.747235,171107.13
2024-02-28,2503.747235,55.63882744444444,130.75309252773027,45,171107.13,3802.380666666667,0.4200592366714717,5.997095252138012,39,0.8666666666666667,55.63882744444444,82.0,Extreme Greed,19.00332802035013,2024-02-28,79.0,72.0,3.0,9813.996992,395666.73
2024-02-29,9813.996992,84.60342234482759,149.76818963391887,116,395666.73,3410.9200862068965,4.098486580887304,43.19299262381454,100,0.8620689655172413,84.60342234482759,80.0,Extreme Greed,65.09328669283238,2024-02-29,82.0,79.0,-2.0,8244.241409,472974.7
2024-03-01,8244.241409,60.176944591240876,111.95860869453276,137,472974.7,3452.370072992701,0.529003676872624,7.809523809523809,128,0.9343065693430657,60.176944591240876,80.0,Extreme Greed,72.98462245842998,2024-03-01,80.0,82.0,0.0,230.90060000000005,63197.56
2024-03-02,230.90060000000005,7.448406451612905,250.64780257055287,31,63197.56,2038.6309677419354,0.0740610400876185,1.306799756789623,21,0.6774193548387096,100.5977333548387,80.0,Extreme Greed,0.9175546046553057,2024-03-02,80.0,80.0,0.0,8361.086245,390745.68
2024-03-03,8361.086245,105.83653474683545,199.82398269178753,79,390745.68,4946.1478481012655,1.7950080536206086,28.98746383799422,54,0.6835443037974683,105.83653474683545,83.0,Extreme Greed,41.63390314707625,2024-03-03,80.0,80.0,3.0,27799.775742,1577996.87
2024-03-04,27799.775742,92.66591914,152.8211043688667,300,1577996.87,5259.989566666667,1.0732062893331695,200.0,266,0.8866666666666667,92.66622040666667,82.0,Extreme Greed,180.72796874046276,2024-03-04,83.0,80.0,-1.0,19791.026041,841810.32
2024-03-05,19791.026041,109.95014467222222,195.65804028577477,180,841810.32,4676.724,0.10202610098306555,2.3727024115355926,163,0.9055555555555556,109.95014467222222,90.0,Extreme Greed,100.63675002680061,2024-03-05,82.0,83.0,8.0,6814.825139,327218.02
2024-03-06,6814.825139,83.10762364634145,146.9693030530839,82,327218.02,3990.4636585365856,0.4866891980661503,6.3192046739540135,72,0.8780487804878049,83.10762364634145,75.0,Extreme Greed,46.055668293275566,2024-03-06,90.0,82.0,-15.0,4271.886236,183583.18
2024-03-08,4271.886236,63.7594960597015,148.75855367571137,67,183583.18,2740.047462686567,0.587174977903984,7.113995232085261,59,0.8805970149253731,63.7594960597015,81.0,Extreme Greed,28.525156868504382,2024-03-08,75.0,90.0,6.0,9949.501624,658178.75
2024-03-09,9949.501624,85.03847541880343,154.56552113291943,117,658178.75,5625.459401709401,3.55447421669426,133.67975830815712,97,0.8290598290598291,88.25042071794871,84.0,Extreme Greed,63.9569845010764,2024-03-09,81.0,75.0,3.0,2482.9272,219973.85
2024-03-10,2482.9272,59.117314285714286,207.7542700001469,42,219973.85,5237.472619047619,10.912208770409746,158.0,29,0.6904761904761905,96.57162857142858,79.0,Extreme Greed,11.894018742698067,2024-03-10,84.0,81.0,-5.0,3588.179495,176519.44999999998
2024-03-11,3588.179495,85.43284511904761,196.10462239183906,42,176519.44999999998,4202.844047619047,0.4706165073257358,7.292700860832138,39,0.9285714285714286,85.43284511904761,82.0,Extreme Greed,18.20444113110036,2024-03-11,79.0,84.0,3.0,3039.166,103040.85
2024-03-12,3039.166,379.89575,521.6006618377291,8,103040.85,12880.10625,2.5601982260464786,9.302001487173133,7,0.875,379.89575,81.0,Extreme Greed,5.815465271920533,2024-03-12,82.0,79.0,-1.0,0.0,6000.799999999999
2024-03-13,0.0,0.0,0.0,7,6000.799999999999,857.2571428571428,200.0,200.0,0,0.0,0.0,81.0,Extreme Greed,0.0,2024-03-13,81.0,82.0,0.0,3465.865832,205933.18
2024-03-14,3465.865832,192.5481017777778,254.30826281723253,18,205933.18,11440.732222222221,20.518298477937286,200.0,16,0.8888888888888888,192.5481017777778,88.0,Extreme Greed,13.575219986049213,2024-03-14,81.0,81.0,7.0,6236.513651,351894.41
2024-03-15,6236.513651,100.58892985483871,195.43403376403242,62,351894.41,5675.71629032258,30.013599883333132,200.0,41,0.6612903225806451,100.58892985483871,83.0,Extreme Greed,31.748641167200436,2024-03-15,88.0,81.0,-5.0,228.57984,37223.66
2024-03-16,228.57984,28.57248,80.815177453268,8,37223.66,4652.9575,142.8575164609511,200.0,1,0.125,28.57248,81.0,Extreme Greed,2.793856190442934,2024-03-16,83.0,88.0,-2.0,503.293955,99506.95
2024-03-17,503.293955,21.882345869565217,43.52556412856168,23,99506.95,4326.389130434783,116.50281465650735,200.0,10,0.43478260869565216,21.882345869565217,79.0,Extreme Greed,11.303482950756226,2024-03-17,81.0,83.0,-2.0,1456.9577,90458.08
2024-03-18,1456.9577,76.68198421052631,275.58147845163944,19,90458.08,4760.951578947369,124.40938939059009,200.0,6,0.3157894736842105,76.68198421052631,77.0,Extreme Greed,5.267734152541059,2024-03-18,79.0,81.0,-2.0,668.797973,219884.84
2024-03-19,668.797973,27.86658220833333,103.69610917201797,24,219884.84,9161.868333333334,37.032651264878446,200.0,5,0.20833333333333334,42.366708875,79.0,Extreme Greed,6.38799262254484,2024-03-19,77.0,79.0,2.0,6423.134599,215705.85
2024-03-20,6423.134599,93.08890723188406,320.69467412818193,69,215705.85,3126.171739130435,12.956661378008096,200.0,60,0.8695652173913043,93.08890723188406,74.0,Greed,19.96655560558223,2024-03-20,79.0,77.0,-5.0,2335.5080749999997,117895.57
2024-03-21,2335.5080749999997,83.41100267857142,153.73594964500796,28,117895.57,4210.556071428572,7.809721839458172,200.0,23,0.8214285714285714,83.41100267857142,78.0,Extreme Greed,15.093506585625864,2024-03-21,74.0,79.0,4.0,1297.018477,92592.20999999999
2024-03-24,1297.018477,68.26413036842105,84.64288646631248,19,92592.20999999999,4873.274210526315,14.119472058477449,200.0,15,0.7894736842105263,68.26413036842105,74.0,Greed,15.144497465182711,2024-03-24,78.0,74.0,-4.0,1302.916428,57116.32
2024-03-25,1302.916428,186.13091828571427,173.14631124356953,7,57116.32,8159.4742857142855,193.03831565360306,200.0,6,0.8571428571428571,186.13091828571427,75.0,Extreme Greed,7.481734288231219,2024-03-25,74.0,78.0,1.0,3215.906593,198565.19
2024-03-26,3215.906593,27.253445703389833,39.504335702364344,118,198565.19,1682.7558474576272,10.83488746357782,200.0,110,0.9322033898305084,27.253445703389833,81.0,Extreme Greed,79.39660130785158,2024-03-26,75.0,74.0,6.0,150.41114,99864.79
2024-03-27,150.41114,3.9581878947368416,13.739361367709469,38,99864.79,2628.020789473684,159.77574226097596,200.0,12,0.3157894736842105,5.999285789473684,83.0,Extreme Greed,10.204725716917153,2024-03-27,81.0,75.0,2.0,227.85100799999998,35323.72
2024-03-28,227.85100799999998,17.527000615384615,21.04651492781009,13,35323.72,2717.209230769231,33.83189034932071,200.0,9,0.6923076923076923,17.527000615384615,80.0,Extreme Greed,10.335012529013479,2024-03-28,83.0,81.0,-3.0,883.097404,86914.37
2024-03-29,883.097404,58.873160266666666,95.5086831563824,15,86914.37,5794.291333333333,184.52250255072664,200.0,6,0.4,58.873160266666666,79.0,Extreme Greed,9.150445069994701,2024-03-29,80.0,83.0,-1.0,1100.57514,101103.92
2024-03-30,1100.57514,24.45722533333333,52.44350104198017,45,101103.92,2246.753777777778,0.020737634275238528,0.2,44,0.9777777777777777,24.45722533333333,75.0,Extreme Greed,20.593245549828257,2024-03-30,79.0,80.0,-4.0,912.786145,39912.96
2024-03-31,912.786145,70.21431884615384,112.05139600499244,13,39912.96,3070.2276923076925,168.02112248015752,200.0,10,0.7692307692307693,70.21431884615384,75.0,Extreme Greed,8.07408114588599,2024-03-31,75.0,79.0,0.0,2507.963406,339470.47
2024-04-01,2507.963406,32.57095332467532,92.06770180124278,77,339470.47,4408.7074025974025,58.671493297049544,200.0,42,0.5454545454545454,33.607069948051944,79.0,Extreme Greed,26.94773114045575,2024-04-01,75.0,75.0,4.0,883.760812,239664.50999999998
2024-04-02,883.760812,21.555141756097562,78.23542802217051,41,239664.50999999998,5845.475853658536,127.68375396153874,200.0,12,0.2926829268292683,21.555141756097562,79.0,Extreme Greed,11.153606840524908,2024-04-02,79.0,75.0,0.0,126.7884,16887.57
2024-04-03,126.7884,31.6971,63.3942,4,16887.57,4221.8925,2.385614501980855,4.752506775067751,1,0.25,31.6971,71.0,Greed,1.9689413021669653,2024-04-03,79.0,79.0,-8.0,0.0,95987.73
2024-04-04,0.0,0.0,0.0,32,95987.73,2999.6165625,68.38102027378132,200.0,0,0.0,0.0,70.0,Greed,0.0,2024-04-04,71.0,79.0,-1.0,10706.484306,503791.8
2024-04-05,10706.484306,107.06484306,304.1028007265851,100,503791.8,5037.918,13.900097330162806,200.0,90,0.9,107.06484306,79.0,Extreme Greed,35.091399621711474,2024-04-05,70.0,71.0,9.0,236.33513399999998,68223.67
2024-04-06,236.33513399999998,14.770945874999999,42.149058574016486,16,68223.67,4263.979375,128.74927387892347,200.0,4,0.25,14.770945874999999,75.0,Extreme Greed,5.477179382595298,2024-04-06,79.0,70.0,-4.0,0.0,49988.14
2024-04-07,0.0,0.0,0.0,23,49988.14,2173.397391304348,80.9056339376726,200.0,0,0.0,0.0,78.0,Extreme Greed,0.0,2024-04-07,75.0,79.0,3.0,1218.4267,211940.64
2024-04-08,1218.4267,40.614223333333335,222.45326275219327,30,211940.64,7064.688,83.10668593391401,200.0,1,0.03333333333333333,40.614223333333335,76.0,Extreme Greed,5.452713847151201,2024-04-08,78.0,75.0,-2.0,0.0,57063.840000000004
2024-04-09,0.0,0.0,0.0,3,57063.840000000004,19021.280000000002,154.2645038532519,200.0,0,0.0,0.0,80.0,Extreme Greed,0.0,2024-04-09,76.0,78.0,4.0,5207.443414,351735.97
2024-04-10,5207.443414,127.01081497560976,197.76893722954745,41,351735.97,8578.926097560974,103.08865077881552,200.0,36,0.8780487804878049,127.01081497560976,78.0,Extreme Greed,26.198476917880818,2024-04-10,80.0,76.0,-2.0,389.743164,76400.96
2024-04-11,389.743164,24.35894775,69.72639235953248,16,76400.96,4775.06,164.08287870392058,200.0,2,0.125,24.35894775,76.0,Extreme Greed,5.510576052271532,2024-04-11,78.0,80.0,-2.0,-592.6458390000001,442088.59
2024-04-12,-592.6458390000001,-4.594153790697676,122.96278242038903,129,442088.59,3427.0433333333335,23.871104488116302,200.0,71,0.5503875968992248,52.97172082945736,79.0,Extreme Greed,-4.780836856260525,2024-04-12,76.0,78.0,3.0,6621.451755,486411.25
2024-04-13,6621.451755,74.3983343258427,185.05277424135176,89,486411.25,5465.294943820225,18.128753296599022,200.0,61,0.6853932584269663,74.3983343258427,72.0,Greed,35.589105198778206,2024-04-13,79.0,76.0,-7.0,-36104.012520000004,659162.17
2024-04-14,-36104.012520000004,-337.4206777570094,2139.677020173523,107,659162.17,6160.394112149533,71.81090116066453,200.0,33,0.308411214953271,362.0673066542056,72.0,Greed,-16.865698178547934,2024-04-14,72.0,79.0,0.0,3774.08872,291111.19
2024-04-15,3774.08872,92.05094439024391,165.5095385447801,41,291111.19,7100.272926829269,6.071353057855841,200.0,35,0.8536585365853658,92.05094439024391,74.0,Greed,22.66590102275143,2024-04-15,72.0,72.0,2.0,2467.702221,181907.17
2024-04-16,2467.702221,52.504302574468085,103.5102238356102,47,181907.17,3870.3653191489366,0.12782266924932167,0.8799311531841653,43,0.9148936170212766,52.504302574468085,65.0,Greed,23.612065216524485,2024-04-16,74.0,72.0,-9.0,2441.4683999999997,97562.99
2024-04-17,2441.4683999999997,174.39059999999998,232.6697853775852,14,97562.99,6968.785000000001,0.9416759948762714,4.977003049625727,13,0.9285714285714286,174.39059999999998,67.0,Greed,10.44837010508162,2024-04-17,65.0,74.0,2.0,1946.4454620000001,337257.92000000004
2024-04-19,1946.4454620000001,55.61272748571429,114.02941773198246,35,337257.92000000004,9635.940571428573,143.76930615908734,200.0,27,0.7714285714285715,55.61272748571429,66.0,Greed,16.921284140855178,2024-04-19,67.0,65.0,-1.0,0.0,60733.24
2024-04-20,0.0,0.0,0.0,22,60733.24,2760.601818181818,19.072335324863307,200.0,0,0.0,0.0,66.0,Greed,0.0,2024-04-20,66.0,67.0,0.0,0.0,47993.61
2024-04-22,0.0,0.0,0.0,9,47993.61,5332.623333333333,128.67205900066287,200.0,0,0.0,0.0,73.0,Greed,0.0,2024-04-22,66.0,66.0,7.0,1119.536196,233054.9
2024-04-23,1119.536196,16.962669636363636,69.72604971216398,66,233054.9,3531.1348484848486,113.04459804479374,200.0,35,0.5303030303030303,16.962669636363636,71.0,Greed,15.829191656485998,2024-04-23,73.0,66.0,-2.0,279.185907,141275.24
2024-04-24,279.185907,13.95929535,47.020172247729526,20,141275.24,7063.762,162.36575659212636,200.0,6,0.3,15.33668865,72.0,Greed,5.813929728525711,2024-04-24,71.0,73.0,1.0,0.0,120241.01
2024-04-25,0.0,0.0,0.0,74,120241.01,1624.8785135135136,9.028864643262924,200.0,0,0.0,0.0,72.0,Greed,0.0,2024-04-25,72.0,71.0,0.0,0.0,4988.290000000001
2024-04-26,0.0,0.0,0.0,3,4988.290000000001,1662.7633333333335,0.004013627957310338,0.0104311901981124,0,0.0,0.0,70.0,Greed,0.0,2024-04-26,72.0,72.0,-2.0,4281.488139,154264.47
2024-04-27,4281.488139,158.57363477777778,205.65189595972714,27,154264.47,5713.498888888889,152.8898256658956,200.0,19,0.7037037037037037,158.57363477777778,67.0,Greed,20.718358857130386,2024-04-27,70.0,72.0,-3.0,0.0,43985.6
2024-04-28,0.0,0.0,0.0,58,43985.6,758.3724137931034,23.854965659503513,200.0,0,0.0,0.0,65.0,Greed,0.0,2024-04-28,67.0,70.0,-2.0,526.9338359999999,108699.01
2024-04-29,526.9338359999999,11.709640799999999,34.303515225260476,45,108699.01,2415.5335555555553,63.83635331011779,200.0,17,0.37777777777777777,11.709640799999999,67.0,Greed,14.925817801366327,2024-04-29,65.0,67.0,2.0,0.0,125018.75
2024-04-30,0.0,0.0,0.0,24,125018.75,5209.114583333333,108.8851315177087,200.0,0,0.0,0.0,67.0,Greed,0.0,2024-04-30,67.0,65.0,0.0,0.0,87025.45
2024-05-01,0.0,0.0,0.0,14,87025.45,6216.103571428571,71.0891543033292,200.0,0,0.0,0.0,54.0,Neutral,0.0,2024-05-01,67.0,67.0,-13.0,5306.017045,282682.64999999997
2024-05-03,5306.017045,147.3893623611111,280.85451321791754,36,282682.64999999997,7852.295833333333,99.11897555640667,200.0,17,0.4722222222222222,148.15955569444444,48.0,Neutral,18.825375490431192,2024-05-03,54.0,67.0,-6.0,0.0,58998.75
2024-05-04,0.0,0.0,0.0,9,58998.75,6555.416666666667,119.52594692745201,200.0,0,0.0,0.0,67.0,Greed,0.0,2024-05-04,48.0,54.0,19.0,0.916,24068.350000000002
2024-05-05,0.916,0.15266666666666667,0.37395543406489856,6,24068.350000000002,4011.391666666667,85.35940155102907,200.0,1,0.16666666666666666,0.15266666666666667,69.0,Greed,0.6666882908203069,2024-05-05,67.0,48.0,2.0,968.59038,206016.43
2024-05-06,968.59038,107.62115333333333,237.64601629026436,9,206016.43,22890.714444444442,163.36318012992984,200.0,4,0.4444444444444444,107.62115333333333,71.0,Greed,4.0586907548538615,2024-05-06,69.0,67.0,2.0,883.537693,108717.58
2024-05-07,883.537693,49.08542738888889,57.79243416391551,18,108717.58,6039.865555555556,106.66959881822093,200.0,9,0.5,49.08542738888889,68.0,Greed,15.028084915427447,2024-05-07,71.0,69.0,-3.0,1.56576,65973.57
2024-05-08,1.56576,0.12044307692307693,1.641780493282545,13,65973.57,5074.89,117.62505917346618,200.0,1,0.07692307692307693,0.6086953846153846,64.0,Greed,0.5926911808083133,2024-05-08,68.0,71.0,-4.0,1147.595856,221966.12
2024-05-09,1147.595856,40.985566285714285,92.95513364107583,28,221966.12,7927.361428571428,140.4157936987292,200.0,11,0.39285714285714285,40.985566285714285,55.0,Greed,12.214296457541172,2024-05-09,64.0,68.0,-9.0,2101.741695,156882.0
2024-05-10,2101.741695,95.53371340909092,240.61922882162773,22,156882.0,7131.0,180.0172459750042,200.0,6,0.2727272727272727,95.53371340909092,66.0,Greed,8.698569667861923,2024-05-10,55.0,64.0,11.0,251.604742,63248.95
2024-05-11,251.604742,27.956082444444444,38.73340875071258,9,63248.95,7027.661111111111,169.4789327772481,200.0,9,1.0,27.956082444444444,53.0,Neutral,6.332322091431124,2024-05-11,66.0,55.0,-13.0,0.0,55179.56
2024-05-12,0.0,0.0,0.0,23,55179.56,2399.111304347826,70.14307195197269,200.0,0,0.0,0.0,56.0,Greed,0.0,2024-05-12,53.0,66.0,3.0,2136.853859,193118.9
2024-05-13,2136.853859,76.31620925,243.34956677379947,28,193118.9,6897.103571428571,143.1833881737062,200.0,10,0.35714285714285715,76.31620925,57.0,Greed,8.745069153235452,2024-05-13,56.0,53.0,1.0,1150.5233050000002,145853.4
2024-05-14,1150.5233050000002,50.02275239130436,172.16967241498202,23,145853.4,6341.452173913043,132.28745137642562,200.0,4,0.17391304347826086,50.02275239130436,66.0,Greed,6.643907613585466,2024-05-14,57.0,56.0,9.0,948.970582,234922.57
2024-05-15,948.970582,26.360293944444447,49.856725134153635,36,234922.57,6525.626944444444,180.52065362610648,200.0,17,0.4722222222222222,26.360293944444447,64.0,Greed,18.659687179949852,2024-05-15,66.0,57.0,-2.0,214.5898,162620.96
2024-05-16,214.5898,7.94777037037037,22.074222982345514,27,162620.96,6022.998518518518,112.7131171597126,200.0,5,0.18518518518518517,7.94777037037037,70.0,Greed,9.299979469045885,2024-05-16,64.0,66.0,6.0,3522.3946610000003,126303.14
2024-05-18,3522.3946610000003,140.89578644000002,227.39973415277277,25,126303.14,5052.1256,153.57241849426,200.0,16,0.64,140.89578644000002,73.0,Greed,15.422061124834451,2024-05-18,70.0,64.0,3.0,0.0,29998.09
2024-05-19,0.0,0.0,0.0,8,29998.09,3749.76125,164.20090931735064,200.0,0,0.0,0.0,72.0,Greed,0.0,2024-05-19,73.0,70.0,-1.0,-74.818442,38124.75
2024-05-20,-74.818442,-7.4818442,17.723593661416892,10,38124.75,3812.475,96.52581515854247,200.0,0,0.0,7.4818442,70.0,Greed,-3.995944547449562,2024-05-20,72.0,73.0,-2.0,7289.397571999999,1100948.59
2024-05-21,7289.397571999999,58.31518057599999,423.27708989145884,125,1100948.59,8807.588720000002,119.34303612682213,200.0,14,0.112,66.75626422399999,76.0,Extreme Greed,17.18074754841186,2024-05-21,70.0,72.0,6.0,0.0,44995.29
2024-05-22,0.0,0.0,0.0,6,44995.29,7499.215,77.22837855587652,199.4780891480158,0,0.0,0.0,76.0,Extreme Greed,0.0,2024-05-22,76.0,70.0,0.0,413.347329,401850.6
2024-05-23,413.347329,1.2718379353846154,5.578175006741024,325,401850.6,1236.4633846153845,54.92890397950875,200.0,145,0.4461538461538462,1.87556732,76.0,Extreme Greed,62.83617091008067,2024-05-23,76.0,76.0,0.0,821.949278,50811.899999999994
2024-05-24,821.949278,410.974639,255.14111984227185,2,50811.899999999994,25405.949999999997,200.0,200.0,2,1.0,410.974639,74.0,Greed,3.2089704242182786,2024-05-24,76.0,76.0,-2.0,14.126038999999999,29991.129999999997
2024-05-25,14.126038999999999,0.8828774374999999,1.5788774135169148,16,29991.129999999997,1874.4456249999998,2.9668689958811023,38.076753953692894,5,0.3125,0.8828774374999999,76.0,Extreme Greed,5.477592275600171,2024-05-25,74.0,76.0,2.0,778.6839,53976.67
2024-05-26,778.6839,48.66774375,184.14441743928418,16,53976.67,3373.541875,42.28559715892351,200.0,4,0.25,48.66774375,75.0,Extreme Greed,4.20581895349537,2024-05-26,76.0,74.0,-1.0,1129.35587,151115.72
2024-05-27,1129.35587,4.499425776892431,10.695100246439745,251,151115.72,602.0546613545816,1.1385542160744737,200.0,90,0.35856573705179284,4.53521044621514,74.0,Greed,96.5665831161902,2024-05-27,75.0,76.0,-1.0,277.791953,84268.76
2024-05-29,277.791953,1.6938533719512194,4.9605585779682295,164,84268.76,513.8339024390243,22.433355482743057,200.0,68,0.4146341463414634,1.7049850792682926,72.0,Greed,46.605020211828986,2024-05-29,74.0,75.0,-2.0,20.951433,2838.09
2024-05-30,20.951433,2.9930618571428576,3.7577088098581393,7,2838.09,405.4414285714286,90.02713315744874,200.0,5,0.7142857142857143,2.9930618571428576,73.0,Greed,4.403681233409641,2024-05-30,72.0,74.0,1.0,25.35812,3636.14
2024-05-31,25.35812,1.9506246153846154,3.8342365986890954,13,3636.14,279.70307692307694,1.201369167183119,5.076122931442081,4,0.3076923076923077,1.9506246153846154,73.0,Greed,5.245527289019405,2024-05-31,73.0,72.0,0.0,91.510419,12834.62
2024-06-01,91.510419,3.66041676,7.909299454844354,25,12834.62,513.3848,0.5814077903088204,2.558279742765273,9,0.36,3.66041676,72.0,Greed,10.271337209374188,2024-06-01,73.0,73.0,-1.0,192.906947,29464.51
2024-06-02,192.906947,2.074268247311828,4.425015055071825,93,29464.51,316.822688172043,0.12226776491553194,1.4437532535137951,34,0.3655913978494624,2.074268247311828,73.0,Greed,35.55878555943399,2024-06-02,72.0,73.0,1.0,562.808208,21466.86
2024-06-03,562.808208,8.040117257142859,11.849209775400267,70,21466.86,306.66942857142857,0.12305896911188227,1.3301837270341208,44,0.6285714285714286,8.040117257142859,73.0,Greed,43.80099771407677,2024-06-03,73.0,72.0,0.0,52.211438,24243.41
2024-06-04,52.211438,0.9851214716981133,2.4828445149485265,53,24243.41,457.42283018867926,37.003579476250216,200.0,25,0.4716981132075472,0.9851214716981133,73.0,Greed,14.991033270622946,2024-06-04,73.0,73.0,0.0,56.055506,25350.77
2024-06-05,56.055506,1.038064925925926,2.9096994557928553,54,25350.77,469.4587037037037,9.12311287008062,200.0,16,0.2962962962962963,1.0383227037037037,75.0,Extreme Greed,14.337548610531854,2024-06-05,73.0,73.0,2.0,274.173187,137557.76
2024-06-06,274.173187,1.1716802863247862,3.3659483181601715,234,137557.76,587.8536752136753,6.723172984984452,200.0,100,0.42735042735042733,1.1746926965811966,78.0,Extreme Greed,62.79808349072206,2024-06-06,75.0,73.0,3.0,8902.467416,1098588.76
2024-06-07,8902.467416,20.23288049090909,103.25220050843622,440,1098588.76,2496.7926363636366,18.42177939300163,200.0,176,0.4,20.2345924,77.0,Extreme Greed,85.3935684099023,2024-06-07,78.0,75.0,-1.0,129.13883900000002,97351.88
2024-06-08,129.13883900000002,4.453063413793104,13.610694021064663,29,97351.88,3356.961379310345,109.04540197070288,200.0,8,0.27586206896551724,4.453063413793104,72.0,Greed,8.838651936302053,2024-06-08,77.0,78.0,-5.0,0.0,22410.22
2024-06-09,0.0,0.0,0.0,17,22410.22,1318.2482352941176,49.61123808080968,200.0,0,0.0,0.0,75.0,Extreme Greed,0.0,2024-06-09,72.0,77.0,3.0,31.266804999999998,46587.93
2024-06-10,31.266804999999998,0.589939716981132,1.9665257227845954,53,46587.93,879.0175471698113,13.266056421387574,200.0,18,0.33962264150943394,0.589939716981132,72.0,Greed,10.53987321257768,2024-06-10,75.0,72.0,-3.0,4320.631811,373279.92
2024-06-11,4320.631811,35.12708789430894,169.7310786091785,123,373279.92,3034.7960975609753,52.81568319034717,200.0,17,0.13821138211382114,35.12708789430894,74.0,Greed,25.306650940162942,2024-06-11,72.0,75.0,2.0,-21886.531493,193407.96
2024-06-12,-21886.531493,-86.16744682283463,276.1864377273308,254,193407.96,761.4486614173228,3.4187457530825447,200.0,21,0.08267716535433071,86.54213197244094,72.0,Greed,-78.95960449020903,2024-06-12,74.0,72.0,-2.0,6632.757115,132577.22
2024-06-13,6632.757115,83.95895082278481,192.75704215520875,79,132577.22,1678.1926582278481,7.820412808044976,200.0,19,0.24050632911392406,83.9944708227848,70.0,Greed,34.23234088021865,2024-06-13,72.0,74.0,-2.0,10258.592609,139868.66
2024-06-14,10258.592609,330.9223422258064,997.7044158485279,31,139868.66,4511.892258064517,26.609931594398525,200.0,15,0.4838709677419355,330.9223422258064,74.0,Greed,10.271900720779335,2024-06-14,70.0,72.0,4.0,3369.958346,718350.25
2024-06-15,3369.958346,43.20459417948718,86.67556232059664,78,718350.25,9209.61858974359,85.57966884560146,200.0,38,0.48717948717948717,43.20459417948718,74.0,Greed,38.43668927582496,2024-06-15,74.0,70.0,0.0,0.0,25235.079999999998
2024-06-16,0.0,0.0,0.0,11,25235.079999999998,2294.0981818181817,0.10681002433742609,0.1980857349427587,0,0.0,0.0,71.0,Greed,0.0,2024-06-16,74.0,74.0,-3.0,10599.502375,368380.12
2024-06-17,10599.502375,278.9342730263158,315.144564194019,38,368380.12,9694.213684210526,74.80892831144281,200.0,25,0.6578947368421053,284.5756230263158,71.0,Greed,33.52739086949808,2024-06-17,71.0,74.0,0.0,282.57636,263314.79
2024-06-18,282.57636,11.3030544,29.448076746454035,25,263314.79,10532.5916,134.63392792538642,200.0,4,0.16,11.3030544,74.0,Greed,9.280597994844081,2024-06-18,71.0,71.0,3.0,4887.656944,417071.12
2024-06-19,4887.656944,80.12552367213115,180.97142293583357,61,417071.12,6837.231475409836,54.659566112788994,200.0,31,0.5081967213114754,80.12552367213115,64.0,Greed,26.859475323900043,2024-06-19,74.0,71.0,-10.0,57478.456026,207990.8
2024-06-20,57478.456026,1473.8065647692308,4202.023348756396,39,207990.8,5333.097435897435,11.3271958073359,200.0,8,0.20512820512820512,1473.8065647692308,60.0,Greed,13.675502431602457,2024-06-20,64.0,74.0,-4.0,773.5582039999999,176264.49
2024-06-21,773.5582039999999,9.66947755,54.6582097931937,80,176264.49,2203.306125,40.68995067946683,200.0,3,0.0375,9.66947755,63.0,Greed,13.898366599900891,2024-06-21,60.0,64.0,3.0,756.876565,169594.27000000002
2024-06-22,756.876565,31.536523541666668,65.30392406982597,24,169594.27000000002,7066.427916666667,87.6398639826944,200.0,8,0.3333333333333333,31.536523541666668,53.0,Neutral,11.415260493525517,2024-06-22,63.0,60.0,-10.0,0.0,1792.12
2024-06-23,0.0,0.0,0.0,5,1792.12,358.424,0.09548964091744898,0.1124230443377576,0,0.0,0.0,55.0,Greed,0.0,2024-06-23,53.0,63.0,2.0,0.0,403002.8
2024-06-24,0.0,0.0,0.0,31,403002.8,13000.090322580645,109.25257165571112,200.0,0,0.0,0.0,51.0,Neutral,0.0,2024-06-24,55.0,53.0,-4.0,4869.353105,103099.08
2024-06-25,4869.353105,99.3745531632653,242.73329860014363,49,103099.08,2104.062857142857,0.500810381315167,3.7900105014439487,11,0.22448979591836735,99.3745531632653,30.0,Fear,19.97820212899351,2024-06-25,51.0,55.0,-21.0,4197.732182,365190.66000000003
2024-06-26,4197.732182,58.30183586111111,181.6926720751968,72,365190.66000000003,5072.092500000001,61.922354545163394,200.0,21,0.2916666666666667,58.30183586111111,46.0,Neutral,22.977014536588538,2024-06-26,30.0,51.0,16.0,0.0,130486.95
2024-06-27,0.0,0.0,0.0,30,130486.95,4349.565,58.324749134297484,200.0,0,0.0,0.0,40.0,Fear,0.0,2024-06-27,46.0,30.0,-6.0,6150.326145,280095.11
2024-06-29,6150.326145,82.0043486,179.89968807670226,75,280095.11,3734.6014666666665,37.322365278291194,200.0,24,0.32,82.0043486,30.0,Fear,33.9985447757778,2024-06-29,40.0,46.0,-10.0,0.0,30520.69
2024-06-30,0.0,0.0,0.0,14,30520.69,2180.049285714286,21.21629467626242,200.0,0,0.0,0.0,47.0,Neutral,0.0,2024-06-30,30.0,40.0,17.0,5065.839308,362670.14999999997
2024-07-01,5065.839308,79.1537391875,207.33447463371925,64,362670.14999999997,5666.721093749999,52.89321852163143,200.0,26,0.40625,79.1537391875,53.0,Neutral,24.315895470043756,2024-07-01,47.0,30.0,6.0,2421.253116,33347.47
2024-07-02,2421.253116,134.514062,226.36405308073617,18,33347.47,1852.6372222222224,0.3710192503141472,2.905998525588794,13,0.7222222222222222,134.514062,51.0,Neutral,10.649234490644048,2024-07-02,53.0,47.0,-2.0,1118.387284,179600.66
2024-07-03,1118.387284,62.132626888888886,130.94390209637675,18,179600.66,9977.814444444444,101.03364007723987,200.0,4,0.2222222222222222,62.132626888888886,50.0,Neutral,8.47623320388909,2024-07-03,51.0,53.0,-1.0,0.0,430568.01
2024-07-04,0.0,0.0,0.0,25,430568.01,17222.720400000002,123.89686639118926,200.0,0,0.0,0.0,44.0,Fear,0.0,2024-07-04,50.0,51.0,-6.0,0.0,272289.89
2024-07-05,0.0,0.0,0.0,32,272289.89,8509.0590625,57.88780540225826,200.0,0,0.0,0.0,29.0,Fear,0.0,2024-07-05,44.0,50.0,-15.0,108.87217799999999,2490.17
2024-07-06,108.87217799999999,4.53634075,10.03473956812726,24,2490.17,103.75708333333334,0.02642367180669534,0.2029565136105579,7,0.2916666666666667,4.53634075,26.0,Fear,9.866311509015253,2024-07-06,29.0,44.0,-3.0,61.428942,498.75
2024-07-07,61.428942,6.1428942,4.100173833321266,10,498.75,49.875,0.0209142527834218,0.0421422016286813,10,1.0,6.1428942,29.0,Fear,12.044480052554812,2024-07-07,26.0,29.0,3.0,0.0,497.64
2024-07-08,0.0,0.0,,1,497.64,497.64,0.2150574836890648,0.2150574836890648,0,0.0,0.0,28.0,Fear,,2024-07-08,29.0,26.0,-1.0,648.984412,2736.45
2024-07-09,648.984412,43.265627466666665,40.13596510326193,15,2736.45,182.42999999999998,0.08372442107868858,0.2533033022217486,15,1.0,43.265627466666665,27.0,Fear,15.776569490247304,2024-07-09,28.0,29.0,-1.0,11977.734907,687900.21
2024-07-10,11977.734907,213.88812333928573,337.8156690082534,56,687900.21,12283.93232142857,109.45027147756842,200.0,38,0.6785714285714286,213.88812333928573,28.0,Fear,35.35177384818123,2024-07-10,27.0,28.0,1.0,1876.812082,169887.02
2024-07-11,1876.812082,98.77958326315789,150.16378122148163,19,169887.02,8941.422105263156,175.02705268893223,200.0,9,0.47368421052631576,98.77958326315789,29.0,Fear,12.415752416580126,2024-07-11,28.0,27.0,1.0,1412.314654,89582.97
2024-07-12,1412.314654,74.33235021052631,112.44287174423458,19,89582.97,4714.893157894737,78.9395789944422,200.0,9,0.47368421052631576,74.33235021052631,25.0,Fear,12.449567189943576,2024-07-12,29.0,28.0,-4.0,2913.617837,139189.19
2024-07-13,2913.617837,171.38928452941175,173.27801983740284,17,139189.19,8187.599411764706,129.39534484378942,200.0,17,1.0,171.38928452941175,25.0,Fear,16.718217476411166,2024-07-13,25.0,29.0,0.0,0.0,84001.13
2024-07-14,0.0,0.0,0.0,7,84001.13,12000.16142857143,171.89221331167195,200.0,0,0.0,0.0,33.0,Fear,0.0,2024-07-14,25.0,25.0,8.0,-1.0,198344.85
2024-07-15,-1.0,-0.038461538461538464,0.1400758054109933,26,198344.85,7628.6480769230775,119.45386157797493,200.0,0,0.0,0.038461538461538464,52.0,Neutral,-0.8771346565323377,2024-07-15,33.0,25.0,19.0,0.0,144000.57
2024-07-16,0.0,0.0,0.0,22,144000.57,6545.480454545454,65.73887504721145,200.0,0,0.0,0.0,65.0,Greed,0.0,2024-07-16,52.0,33.0,13.0,1859.269477,626005.53
2024-07-17,1859.269477,5.297064037037037,11.718171265834037,351,626005.53,1783.4915384615385,3.3825583722639614,200.0,145,0.4131054131054131,5.3119992165242165,69.0,Greed,146.19000154485434,2024-07-17,65.0,52.0,4.0,3803.884311,649704.85
2024-07-18,3803.884311,63.398071849999994,87.92602091436942,60,649704.85,10828.414166666666,105.06423143464679,200.0,48,0.8,63.398071849999994,61.0,Greed,42.77582952534129,2024-07-18,69.0,65.0,-8.0,2155.891114,150269.42
2024-07-19,2155.891114,93.73439626086956,179.87386804302622,23,150269.42,6533.453043478262,123.88482371681539,200.0,12,0.5217391304347826,93.73439626086956,60.0,Greed,11.91930673748381,2024-07-19,61.0,69.0,-1.0,2299.169566,244362.21
2024-07-20,2299.169566,8.643494609022557,53.62978209591339,266,244362.21,918.65492481203,7.855205304043198,200.0,33,0.12406015037593984,8.739029165413534,74.0,Greed,42.086376291293874,2024-07-20,60.0,61.0,14.0,-2960.716887,234307.46
2024-07-21,-2960.716887,-6.608743051339286,11.365602294450625,448,234307.46,523.0077232142856,1.0920080949304833,200.0,21,0.046875,6.9860202834821425,74.0,Greed,-239.43167639547136,2024-07-21,74.0,60.0,0.0,1517.119876,304213.8
2024-07-22,1517.119876,9.851427766233765,72.41291986688015,154,304213.8,1975.4142857142856,23.09652504286006,200.0,22,0.14285714285714285,23.688731974025973,70.0,Greed,20.66557056647519,2024-07-22,74.0,74.0,-4.0,89890.302206,358526.54
2024-07-23,89890.302206,242.9467627189189,513.7954073277451,370,358526.54,968.9906486486486,1.138448852231879,200.0,329,0.8891891891891892,243.48933569189188,71.0,Greed,174.61364442354324,2024-07-23,70.0,74.0,1.0,625.561479,69207.93
2024-07-24,625.561479,6.9506831,19.95680710255259,90,69207.93,768.977,6.226387585816319,200.0,18,0.2,6.9506831,69.0,Greed,29.850037552896357,2024-07-24,71.0,70.0,-2.0,916.7382600000001,528555.31
2024-07-25,916.7382600000001,11.753054615384617,40.81134378827734,78,528555.31,6776.350128205129,62.28591133962012,200.0,10,0.1282051282051282,11.753054615384617,68.0,Greed,21.92558710004978,2024-07-25,69.0,71.0,-1.0,2766.513113,548587.65
2024-07-26,2766.513113,18.200744164473683,50.86868522207445,152,548587.65,3609.1292763157894,28.13637656309486,200.0,61,0.40131578947368424,18.200744164473683,68.0,Greed,53.33686599448675,2024-07-26,68.0,69.0,0.0,6400.623656,905199.75
2024-07-27,6400.623656,112.2916430877193,157.88829917379803,57,905199.75,15880.697368421053,100.42809216299236,200.0,42,0.7368421052631579,112.2916430877193,72.0,Greed,40.28379490045869,2024-07-27,68.0,68.0,4.0,587.29903,43254.68
2024-07-28,587.29903,36.706189375,36.25797427381541,16,43254.68,2703.4175,28.031009909391297,200.0,12,0.75,36.706189375,71.0,Greed,15.76304244787535,2024-07-28,72.0,68.0,-1.0,330.80445399999996,327199.14
2024-07-29,330.80445399999996,8.482165487179486,21.730673754432168,39,327199.14,8389.72153846154,134.3535453759174,200.0,16,0.41025641025641024,8.482165487179486,74.0,Greed,14.553218156830818,2024-07-29,71.0,72.0,3.0,0.0,36006.47
2024-07-30,0.0,0.0,0.0,6,36006.47,6001.078333333334,118.43231149245071,200.0,0,0.0,0.0,67.0,Greed,0.0,2024-07-30,74.0,71.0,-7.0,765.690884,84506.54
2024-07-31,765.690884,17.806764744186047,45.986517776302854,43,84506.54,1965.2683720930231,25.67867380226996,200.0,14,0.32558139534883723,17.806764744186047,61.0,Greed,16.29596999814632,2024-07-31,67.0,74.0,-6.0,167.080017,227774.53
2024-08-01,167.080017,2.9312283684210527,23.197203266011744,57,227774.53,3996.044385964912,100.92835309547357,200.0,4,0.07017543859649122,3.287960894736842,52.0,Neutral,6.904930919627664,2024-08-01,61.0,67.0,-9.0,782.3681909999999,396320.37
2024-08-02,782.3681909999999,12.418542714285714,44.14907581961201,63,396320.37,6290.799523809524,101.14896953545453,200.0,17,0.2698412698412698,12.418542714285714,57.0,Greed,17.32855383631468,2024-08-02,52.0,61.0,5.0,464.1897,290532.86
2024-08-03,464.1897,12.545667567567568,76.3123165975776,37,290532.86,7852.239459459459,89.5499572622053,200.0,1,0.02702702702702703,12.545667567567568,37.0,Fear,6.004084736151138,2024-08-03,57.0,52.0,-20.0,-122672.000883,1207744.07
2024-08-04,-122672.000883,-965.9212667952756,3618.961540622186,127,1207744.07,9509.795826771655,85.69300149795552,200.0,3,0.023622047244094488,967.6378938031496,34.0,Fear,-33.88765308868877,2024-08-04,37.0,57.0,-3.0,-13013.665169,420495.4
2024-08-05,-13013.665169,-162.6708146125,795.0273715447163,80,420495.4,5256.1925,106.09098280437105,200.0,33,0.4125,175.61839088749997,26.0,Fear,-16.34826343187995,2024-08-05,34.0,37.0,-8.0,267.318048,61478.38
2024-08-06,267.318048,2.4982995140186914,8.28376598603028,107,61478.38,574.5642990654205,6.782737400469773,200.0,13,0.12149532710280374,2.5092171775700938,17.0,Extreme Fear,28.79413897358529,2024-08-06,26.0,34.0,-9.0,188.789255,2492.77
2024-08-07,188.789255,5.720886515151515,10.349410204930836,33,2492.77,75.53848484848484,0.01514525583437953,0.091722533202418,10,0.30303030303030304,5.720886515151515,29.0,Fear,16.634278926492506,2024-08-07,17.0,26.0,12.0,-40.712216999999995,16299.35
2024-08-08,-40.712216999999995,-4.5235796666666666,9.68187399440364,9,16299.35,1811.038888888889,27.590849146000956,168.4144686452262,0,0.0,4.5235796666666666,20.0,Extreme Fear,-3.811336570842308,2024-08-08,29.0,17.0,-9.0,18082.071276,503204.86
2024-08-09,18082.071276,125.56993941666666,454.8533022933731,144,503204.86,3494.4781944444444,45.90034400889129,200.0,43,0.2986111111111111,139.68450823611113,48.0,Neutral,39.66642598623304,2024-08-09,20.0,29.0,28.0,0.0,11339.29
2024-08-10,0.0,0.0,0.0,88,11339.29,128.8555681818182,0.030974739767713907,0.3484586930358594,0,0.0,0.0,40.0,Fear,0.0,2024-08-10,48.0,20.0,-8.0,847.7766200000001,44230.21
2024-08-11,847.7766200000001,35.32402583333334,91.2518343902943,24,44230.21,1842.9254166666667,60.86988654615255,200.0,4,0.16666666666666666,35.32402583333334,39.0,Fear,9.18980772147327,2024-08-11,40.0,48.0,-1.0,858.6705000000001,54167.32
2024-08-12,858.6705000000001,17.88896875,64.64753431191872,48,54167.32,1128.4858333333334,61.3223003824336,200.0,6,0.125,17.88896875,25.0,Fear,13.080011442929443,2024-08-12,39.0,40.0,-14.0,212.08102,20797.87
2024-08-13,212.08102,9.220913913043479,19.422324125365535,23,20797.87,904.2552173913043,19.675723968728487,200.0,8,0.34782608695652173,9.220913913043479,31.0,Fear,10.384764177578834,2024-08-13,25.0,39.0,6.0,2168.9015130000003,66710.03
2024-08-14,2168.9015130000003,86.75606052,329.1190167138969,25,66710.03,2668.4012,66.66680715016207,200.0,5,0.2,86.75606052,30.0,Fear,6.570059291312244,2024-08-14,31.0,25.0,-1.0,0.0,1522.3700000000001
2024-08-15,0.0,0.0,0.0,12,1522.3700000000001,126.86416666666668,0.00018602019018090017,0.0002574295563568,0,0.0,0.0,29.0,Fear,0.0,2024-08-15,30.0,31.0,-1.0,825.230544,166382.84
2024-08-16,825.230544,23.578015542857145,80.13737948448535,35,166382.84,4753.795428571429,50.17813113536454,200.0,3,0.08571428571428572,23.578015542857145,27.0,Fear,10.170781324750525,2024-08-16,29.0,30.0,-2.0,-288.283113,30248.96
2024-08-17,-288.283113,-9.609437100000001,52.63305464597027,30,30248.96,1008.2986666666667,0.012334305385717404,0.2601125015074499,0,0.0,9.609437100000001,25.0,Fear,-5.375101509748899,2024-08-17,27.0,29.0,-2.0,307.201888,62804.48
2024-08-18,307.201888,20.480125866666665,30.913873872729887,15,62804.48,4186.965333333334,125.68978878101468,200.0,12,0.8,20.480125866666665,31.0,Fear,9.625966726104698,2024-08-18,25.0,27.0,6.0,339.69958299999996,100315.03
2024-08-19,339.69958299999996,42.462447874999995,67.50399160612497,8,100315.03,12539.37875,200.0,200.0,5,0.625,42.462447874999995,28.0,Fear,4.9588290409872595,2024-08-19,31.0,25.0,-3.0,192.602844,49914.8
2024-08-20,192.602844,16.050237,55.59965191504375,12,49914.8,4159.566666666667,111.19109306442695,200.0,1,0.08333333333333333,16.050237,30.0,Fear,3.402898029993143,2024-08-20,28.0,31.0,2.0,656.200925,104990.41
2024-08-21,656.200925,4.525523620689655,16.514528261674556,145,104990.41,724.0717931034483,7.609534307222896,200.0,54,0.3724137931034483,4.525523620689655,26.0,Fear,37.46609187504665,2024-08-21,30.0,28.0,-4.0,1005.30527,63509.56
2024-08-23,1005.30527,100.53052699999999,280.4841642773341,10,63509.56,6350.956,187.35943991752208,200.0,3,0.3,100.53052699999999,34.0,Fear,3.5714452092925426,2024-08-23,26.0,30.0,8.0,0.0,34999.67
2024-08-24,0.0,0.0,0.0,7,34999.67,4999.952857142857,200.0,200.0,0,0.0,0.0,56.0,Greed,0.0,2024-08-24,34.0,26.0,22.0,0.0,21950.28
2024-08-25,0.0,0.0,0.0,17,21950.28,1291.1929411764704,92.14014337290648,200.0,0,0.0,0.0,54.0,Neutral,0.0,2024-08-25,56.0,34.0,-2.0,231.236918,92611.27
2024-08-26,231.236918,38.539486333333336,60.225332502001116,6,92611.27,15435.211666666668,149.26296322106884,200.0,2,0.3333333333333333,38.539486333333336,55.0,Greed,3.7768176757952627,2024-08-26,54.0,56.0,1.0,0.0,70250.16
2024-08-27,0.0,0.0,0.0,50,70250.16,1405.0032,28.012493076806024,200.0,0,0.0,0.0,48.0,Neutral,0.0,2024-08-27,55.0,54.0,-7.0,1333.359645,71160.06999999999
2024-08-28,1333.359645,148.15107166666667,294.00593721532755,9,71160.06999999999,7906.674444444444,97.85754639915956,200.0,2,0.2222222222222222,148.15107166666667,30.0,Fear,4.519772237759298,2024-08-28,48.0,55.0,-18.0,0.0,9995.85
2024-08-29,0.0,0.0,,1,9995.85,9995.85,,,0,0.0,0.0,29.0,Fear,,2024-08-29,30.0,48.0,-1.0,256.464,37233.24
2024-08-30,256.464,42.744,104.70098956552417,6,37233.24,6205.54,87.59906608463082,200.0,1,0.16666666666666666,42.744,34.0,Fear,2.4263159791992077,2024-08-30,29.0,30.0,5.0,10.882801,107507.43000000001
2024-08-31,10.882801,0.3200823823529412,0.8923899892238314,34,107507.43000000001,3161.983235294118,68.10353754804538,200.0,12,0.35294117647058826,0.3205794411764706,29.0,Fear,5.750823594487312,2024-08-31,34.0,29.0,-5.0,137.433093,12359.68
2024-09-01,137.433093,11.452757750000002,25.479618769976113,12,12359.68,1029.9733333333334,24.488468636577807,131.39027595269383,5,0.4166666666666667,11.452757750000002,26.0,Fear,5.190146209953308,2024-09-01,29.0,34.0,-3.0,0.0,30000.42
2024-09-02,0.0,0.0,0.0,2,30000.42,15000.21,181.86431157158904,200.0,0,0.0,0.0,26.0,Fear,0.0,2024-09-02,26.0,29.0,0.0,1065.785132,131480.97
2024-09-04,1065.785132,31.346621529411763,462.16602470807555,34,131480.97,3867.0873529411765,48.90962714037339,200.0,5,0.14705882352941177,163.21634,27.0,Fear,2.3010865977739696,2024-09-04,26.0,26.0,1.0,0.0,0.84
2024-09-05,0.0,0.0,,1,0.84,0.84,7.764163869987882e-05,7.764163869987882e-05,0,0.0,0.0,29.0,Fear,,2024-09-05,27.0,26.0,2.0,-1104.856765,39047.1
2024-09-06,-1104.856765,-26.306113452380952,21.910908628012873,42,39047.1,929.6928571428571,8.612259346766644,148.96889289880505,0,0.0,26.306113452380952,22.0,Extreme Fear,-48.22404833168012,2024-09-06,29.0,27.0,-7.0,0.0,0.11
2024-09-08,0.0,0.0,,1,0.11,0.11,0.1177553685743036,0.1177553685743036,0,0.0,0.0,29.0,Fear,,2024-09-08,22.0,29.0,7.0,0.0,4014.4300000000003
2024-09-09,0.0,0.0,0.0,2,4014.4300000000003,2007.2150000000001,0.0019321133674653499,0.0025641426172284,0,0.0,0.0,26.0,Fear,0.0,2024-09-09,29.0,22.0,-3.0,-219.729659,2547.28
2024-09-10,-219.729659,-73.24321966666666,96.08066367806516,3,2547.28,849.0933333333334,133.3335276274042,200.0,0,0.0,73.24321966666666,33.0,Fear,-2.263372031825599,2024-09-10,26.0,29.0,7.0,0.0,0.54
2024-09-11,0.0,0.0,,1,0.54,0.54,1.5054014716406693e-05,1.5054014716406693e-05,0,0.0,0.0,37.0,Fear,,2024-09-11,33.0,26.0,4.0,0.0,1014.8000000000001
2024-09-14,0.0,0.0,0.0,11,1014.8000000000001,92.25454545454546,0.00010341589056295633,0.0004184540987141,0,0.0,0.0,50.0,Neutral,0.0,2024-09-14,37.0,33.0,13.0,-878.684794,13633.5
2024-09-18,-878.684794,-6.059895131034483,4.966129290375059,145,13633.5,94.02413793103449,0.1341548103011408,3.048594205741519,0,0.0,6.059895131034483,45.0,Neutral,-147.27887231970493,2024-09-18,50.0,37.0,-5.0,0.0,1521.8700000000001
2024-09-19,0.0,0.0,0.0,19,1521.8700000000001,80.09842105263158,0.3584435376859594,3.085453944676279,0,0.0,0.0,49.0,Neutral,0.0,2024-09-19,45.0,50.0,4.0,9585.03428,332873.38
2024-09-20,9585.03428,599.0646425,2004.9515901146353,16,332873.38,20804.58625,80.52348675678738,200.0,8,0.5,599.3008625,54.0,Neutral,4.7782979047127645,2024-09-20,49.0,45.0,5.0,36165.56933,165648.12
2024-09-21,36165.56933,1572.416057826087,1429.8114770090967,23,165648.12,7202.092173913044,0.62278399448775,4.291697933982427,23,1.0,1572.416057826087,54.0,Neutral,25.2762644912514,2024-09-21,54.0,49.0,0.0,0.0,19999.739999999998
2024-09-22,0.0,0.0,0.0,3,19999.739999999998,6666.579999999999,200.0,200.0,0,0.0,0.0,52.0,Neutral,0.0,2024-09-22,54.0,54.0,-2.0,334.760796,40334.29
2024-09-23,334.760796,167.380398,236.7116289270065,2,40334.29,20167.145,200.0,200.0,1,0.5,167.380398,50.0,Neutral,1.4082642801745058,2024-09-23,52.0,54.0,-2.0,0.0,7118.63
2024-09-24,0.0,0.0,0.0,10,7118.63,711.863,0.4454652068518694,3.193250758215325,0,0.0,0.0,54.0,Neutral,0.0,2024-09-24,50.0,52.0,4.0,0.0,52754.130000000005
2024-09-25,0.0,0.0,0.0,9,52754.130000000005,5861.570000000001,133.3667990979407,200.0,0,0.0,0.0,59.0,Greed,0.0,2024-09-25,54.0,50.0,5.0,439.812513,113711.93000000001
2024-09-26,439.812513,54.976564125,154.20271831132595,8,113711.93000000001,14213.991250000001,57.54847028997947,200.0,2,0.25,54.976564125,50.0,Neutral,2.8337938780026164,2024-09-26,59.0,54.0,-9.0,0.0,126097.04
2024-09-27,0.0,0.0,0.0,56,126097.04,2251.732857142857,35.73732612690509,200.0,0,0.0,0.0,61.0,Greed,0.0,2024-09-27,50.0,59.0,11.0,0.0,29199.21
2024-09-28,0.0,0.0,0.0,4,29199.21,7299.8025,0.2747256439628888,0.5603283317458617,0,0.0,0.0,64.0,Greed,0.0,2024-09-28,61.0,50.0,3.0,2710.626288,214669.85
2024-09-30,2710.626288,25.571946113207545,133.6657057863591,106,214669.85,2025.1872641509435,17.152795323201413,200.0,5,0.04716981132075472,25.571946113207545,61.0,Greed,20.12855665198297,2024-09-30,64.0,61.0,-3.0,0.0,139954.32
2024-10-01,0.0,0.0,0.0,4,139954.32,34988.58,200.0,200.0,0,0.0,0.0,50.0,Neutral,0.0,2024-10-01,61.0,64.0,-11.0,0.0,99954.34
2024-10-02,0.0,0.0,0.0,4,99954.34,24988.585,200.0,200.0,0,0.0,0.0,42.0,Fear,0.0,2024-10-02,50.0,61.0,-8.0,100.375782,132935.69
2024-10-03,100.375782,11.152864666666666,20.273575382952355,9,132935.69,14770.632222222222,101.1754048198176,200.0,3,0.3333333333333333,11.152864666666666,37.0,Fear,4.718331554198286,2024-10-03,42.0,50.0,-5.0,0.0,0.34
2024-10-04,0.0,0.0,,1,0.34,0.34,0.001106166514258,0.001106166514258,0,0.0,0.0,41.0,Fear,,2024-10-04,37.0,42.0,4.0,5767.161892,605605.74
2024-10-05,5767.161892,155.86924032432432,217.0879728346648,37,605605.74,16367.722702702702,193.18355529031942,200.0,24,0.6486486486486487,155.86924032432432,49.0,Neutral,26.444199636685866,2024-10-05,41.0,37.0,8.0,130.487079,300130.56
2024-10-06,130.487079,5.9312308636363635,17.741123762831634,22,300130.56,13642.298181818182,193.7028322346623,200.0,5,0.22727272727272727,5.9312308636363635,50.0,Neutral,6.962606973376309,2024-10-06,49.0,41.0,1.0,0.0,219984.65
2024-10-07,0.0,0.0,0.0,21,219984.65,10475.459523809524,189.20145836132505,200.0,0,0.0,0.0,50.0,Neutral,0.0,2024-10-07,50.0,49.0,0.0,5396.546638,434584.13
2024-10-08,5396.546638,149.90407327777777,223.40754741053024,36,434584.13,12071.781388888889,169.2046614475103,200.0,33,0.9166666666666666,149.90407327777777,49.0,Neutral,24.047972986075997,2024-10-08,50.0,50.0,-1.0,396.06272,220399.93
2024-10-09,396.06272,28.290194285714286,61.54299038481661,14,220399.93,15742.852142857142,200.0,200.0,3,0.21428571428571427,28.290194285714286,49.0,Neutral,6.332647632661822,2024-10-09,49.0,50.0,0.0,0.0,300024.33999999997
2024-10-10,0.0,0.0,0.0,16,300024.33999999997,18751.521249999998,189.2574856740307,200.0,0,0.0,0.0,39.0,Fear,0.0,2024-10-10,49.0,49.0,-10.0,8885.327477,488904.19
2024-10-11,8885.327477,341.74336450000004,367.9830904604618,26,488904.19,18804.007307692307,190.14643835207204,200.0,18,0.6923076923076923,341.74336450000004,32.0,Fear,24.08058175758627,2024-10-11,39.0,49.0,-7.0,541.55471,159713.4
2024-10-12,541.55471,54.155471,63.374247509280295,10,159713.4,15971.34,199.40813426007048,200.0,7,0.7,54.155471,49.0,Neutral,8.412598685863141,2024-10-12,32.0,39.0,17.0,0.0,60002.42
2024-10-13,0.0,0.0,0.0,10,60002.42,6000.242,200.0,200.0,0,0.0,0.0,50.0,Neutral,0.0,2024-10-13,49.0,32.0,1.0,1913.61958,61916.020000000004
2024-10-14,1913.61958,382.72391600000003,497.27205914834235,5,61916.020000000004,12383.204000000002,200.0,200.0,5,1.0,382.72391600000003,48.0,Neutral,3.8405115134707755,2024-10-14,50.0,49.0,-2.0,1170.2260760000001,81173.36
2024-10-15,1170.2260760000001,167.17515371428573,347.7876385038441,7,81173.36,11596.194285714286,200.0,200.0,4,0.5714285714285714,167.17515371428573,65.0,Greed,3.3551248576921764,2024-10-15,48.0,50.0,17.0,219.480876,80229.17
2024-10-16,219.480876,19.95280690909091,35.58157491300189,11,80229.17,7293.560909090909,189.460954891189,200.0,3,0.2727272727272727,19.95280690909091,73.0,Greed,5.999765633982908,2024-10-16,65.0,48.0,8.0,36.11496,140531.75
2024-10-17,36.11496,4.0127733333333335,12.830443659406326,9,140531.75,15614.638888888889,200.0,200.0,1,0.1111111111111111,4.4714133333333335,71.0,Greed,2.611265472705034,2024-10-17,73.0,65.0,-2.0,333.219141,120331.43000000001
2024-10-18,333.219141,55.536523499999994,51.489580908627175,6,120331.43000000001,20055.238333333335,200.0,200.0,5,0.8333333333333334,55.536523499999994,73.0,Greed,6.348291131911708,2024-10-18,71.0,73.0,2.0,0.0,99996.86
2024-10-19,0.0,0.0,0.0,4,99996.86,24999.215,200.0,200.0,0,0.0,0.0,72.0,Greed,0.0,2024-10-19,73.0,71.0,-1.0,389.155797,176447.86000000002
2024-10-20,389.155797,4.05370621875,13.65197281145091,96,176447.86000000002,1837.9985416666668,10.976379480547534,200.0,11,0.11458333333333333,4.05370621875,73.0,Greed,26.559958990359597,2024-10-20,72.0,73.0,1.0,2464.915564,324117.99
2024-10-21,2464.915564,14.248066843930635,40.07987913321128,173,324117.99,1873.5143930635838,11.885081574421244,200.0,68,0.3930635838150289,14.248066843930635,72.0,Greed,60.00298968765037,2024-10-21,73.0,72.0,-1.0,0.0,60000.36
2024-10-22,0.0,0.0,0.0,3,60000.36,20000.12,200.0,200.0,0,0.0,0.0,70.0,Greed,0.0,2024-10-22,72.0,73.0,-2.0,-46.489941,210006.07
2024-10-23,-46.489941,-2.5827745,6.37713910085234,18,210006.07,11667.003888888888,167.4880406606603,200.0,0,0.0,2.5827745,71.0,Greed,-6.301892964798324,2024-10-23,70.0,72.0,1.0,13235.862071,427883.18
2024-10-25,13235.862071,441.19540236666666,1366.4039341402422,30,427883.18,14262.772666666666,164.30660046246985,200.0,21,0.7,441.19540236666666,72.0,Greed,9.679555353423838,2024-10-25,71.0,70.0,1.0,666.6623079999999,90664.41
2024-10-27,666.6623079999999,166.66557699999998,293.9572048762827,4,90664.41,22666.1025,200.0,200.0,3,0.75,166.66557699999998,74.0,Greed,2.2602001137067522,2024-10-27,72.0,71.0,2.0,167.28016200000002,121495.25
2024-10-28,167.28016200000002,12.867704769230771,44.454488070634156,13,121495.25,9345.788461538461,138.89730262599372,200.0,4,0.3076923076923077,12.867704769230771,72.0,Greed,3.6801682100138153,2024-10-28,74.0,72.0,-2.0,801.170876,613267.8099999999
2024-10-29,801.170876,15.11643162264151,99.68468397007351,53,613267.8099999999,11571.09075471698,159.10400711268454,200.0,3,0.05660377358490566,15.11643162264151,72.0,Greed,7.95722690293324,2024-10-29,72.0,74.0,0.0,9.150023,11830.85
2024-10-30,9.150023,0.36600091999999995,1.0256853979943898,25,11830.85,473.23400000000004,48.091101656051435,200.0,7,0.28,0.36779644,77.0,Extreme Greed,4.5170010155867955,2024-10-30,72.0,72.0,5.0,1214.043811,896173.36
2024-10-31,1214.043811,25.292579395833332,33.00414935089389,48,896173.36,18670.278333333332,139.78451836306286,200.0,34,0.7083333333333334,25.398971687499998,77.0,Extreme Greed,35.70281374993683,2024-10-31,77.0,72.0,0.0,1040.475736,260981.03
2024-11-01,1040.475736,45.238075478260875,154.1983753462747,23,260981.03,11347.001304347827,76.33253819695389,200.0,6,0.2608695652173913,46.00006417391304,75.0,Extreme Greed,6.704166417196809,2024-11-01,77.0,77.0,-2.0,0.0,40000.0
2024-11-02,0.0,0.0,0.0,2,40000.0,20000.0,200.0,200.0,0,0.0,0.0,72.0,Greed,0.0,2024-11-02,75.0,77.0,-3.0,0.0,129055.66
2024-11-03,0.0,0.0,0.0,6,129055.66,21509.27666666667,160.00862636549158,200.0,0,0.0,0.0,74.0,Greed,0.0,2024-11-03,72.0,75.0,2.0,2799.410474,451811.97
2024-11-04,2799.410474,77.76140205555555,118.94285081013497,36,451811.97,12550.332499999999,141.1909735610079,200.0,23,0.6388888888888888,77.76140205555555,70.0,Greed,23.33953591307715,2024-11-04,74.0,72.0,-4.0,678.4759280000001,200627.23
2024-11-05,678.4759280000001,67.8475928,93.32108146532121,10,200627.23,20062.723,182.28224455611388,200.0,5,0.5,67.8475928,70.0,Greed,7.193258574430717,2024-11-05,70.0,74.0,0.0,2817.83723,123906.9
2024-11-06,2817.83723,187.85581533333334,309.14971367702964,15,123906.9,8260.46,164.86804777870285,200.0,7,0.4666666666666667,188.31064066666667,70.0,Greed,9.085409741613748,2024-11-06,70.0,70.0,0.0,4493.353136,111335.3
2024-11-07,4493.353136,39.764187044247784,107.40420684370638,113,111335.3,985.2681415929204,2.160390707040003,200.0,60,0.5309734513274337,39.764187044247784,77.0,Extreme Greed,41.449988582808125,2024-11-07,70.0,70.0,7.0,-64.41354100000007,270700.44
2024-11-08,-64.41354100000007,-1.6516292564102582,72.4018294193872,39,270700.44,6941.036923076923,123.77035802178622,200.0,6,0.15384615384615385,34.79898335897436,75.0,Extreme Greed,-0.8775468065239651,2024-11-08,77.0,70.0,-2.0,102.90894,193384.41
2024-11-09,102.90894,1.196615581395349,2.90992297730476,86,193384.41,2248.655930232558,19.642231304769012,200.0,19,0.22093023255813954,1.1993636744186047,75.0,Extreme Greed,26.3199404687349,2024-11-09,75.0,77.0,0.0,991.114334,413636.7
2024-11-10,991.114334,5.728984589595376,22.471438317729593,173,413636.7,2390.963583815029,91.07586130065599,200.0,51,0.2947976878612717,5.728984589595376,78.0,Extreme Greed,42.226399617416845,2024-11-10,75.0,75.0,3.0,6749.630996,1570572.42
2024-11-11,6749.630996,18.09552545844504,60.90235280005483,373,1570572.42,4210.649919571046,37.98064038100596,200.0,92,0.24664879356568364,18.11838431635389,76.0,Extreme Greed,109.03674401199855,2024-11-11,78.0,75.0,-2.0,3494.399394,1226354.52
2024-11-12,3494.399394,20.435084175438597,80.90406191682668,171,1226354.52,7171.663859649123,96.85595770858119,200.0,34,0.19883040935672514,20.556422771929824,80.0,Extreme Greed,42.66454327440502,2024-11-12,76.0,78.0,4.0,7846.402274,515336.37
2024-11-13,7846.402274,163.46671404166668,358.50791769432567,48,515336.37,10736.174375,116.57082833899905,200.0,27,0.5625,164.79797945833334,84.0,Extreme Greed,21.825394901793132,2024-11-13,80.0,76.0,4.0,4563.509225,1008361.81
2024-11-14,4563.509225,41.4864475,89.20897697893908,110,1008361.81,9166.925545454545,72.34006703746455,200.0,28,0.2545454545454545,41.4864475,88.0,Extreme Greed,50.588193967274826,2024-11-14,84.0,80.0,4.0,4140.740438,1427858.42
2024-11-15,4140.740438,27.790204281879195,61.955774894975356,149,1427858.42,9582.942416107382,104.98538585974283,200.0,55,0.3691275167785235,27.790204281879195,80.0,Extreme Greed,65.77220985537392,2024-11-15,88.0,84.0,-8.0,2769.521909,303296.07
2024-11-16,2769.521909,17.640266936305732,44.303347474612096,157,303296.07,1931.822101910828,33.701326526711455,200.0,48,0.3057324840764331,18.129863165605094,86.0,Extreme Greed,61.132831531975306,2024-11-16,80.0,88.0,6.0,882.975285,1215987.57
2024-11-17,882.975285,4.224762129186603,17.261524113421817,209,1215987.57,5818.122344497608,57.78431581187564,200.0,49,0.23444976076555024,4.518318100478469,90.0,Extreme Greed,48.35167533201857,2024-11-17,86.0,80.0,4.0,4470.815187,2084339.58
2024-11-18,4470.815187,12.921431176300578,87.8216130663201,346,2084339.58,6024.102832369942,65.89237402607374,200.0,124,0.3583815028901734,13.537261257225433,83.0,Extreme Greed,50.33476687325858,2024-11-18,90.0,86.0,-7.0,2958.268991,628031.15
2024-11-19,2958.268991,9.699242593442623,37.73186830724049,305,628031.15,2059.118524590164,71.21666518961845,200.0,150,0.4918032786885246,10.68087055409836,90.0,Extreme Greed,76.37816403622814,2024-11-19,83.0,90.0,7.0,4210.0928969999995,1999514.1199999999
2024-11-20,4210.0928969999995,7.654714358181818,54.544471794452775,550,1999514.1199999999,3635.480218181818,76.2953036915629,200.0,219,0.3981818181818182,13.756270769090909,83.0,Extreme Greed,75.79679419006486,2024-11-20,90.0,83.0,-7.0,1692.430891,598300.62
2024-11-21,1692.430891,3.1634222261682243,23.071714613651217,535,598300.62,1118.3189158878504,67.43685678529944,200.0,165,0.308411214953271,4.5021691345794395,82.0,Extreme Greed,70.30786623069268,2024-11-21,83.0,90.0,-1.0,-18105.345617,1646713.62
2024-11-22,-18105.345617,-26.664721085419732,305.88652723565343,679,1646713.62,2425.2041531664213,46.96812027056616,200.0,209,0.3078055964653903,37.91724403681885,94.0,Extreme Greed,-58.9968734700992,2024-11-22,82.0,83.0,12.0,2901.531638,516245.68
2024-11-23,2901.531638,7.993200104683195,25.92430088738888,363,516245.68,1422.1644077134986,38.91064718566138,200.0,128,0.3526170798898072,8.200355608815427,93.0,Extreme Greed,107.76627590575818,2024-11-23,94.0,82.0,-1.0,945.550386,664952.28
2024-11-24,945.550386,5.497385965116279,24.231829677959688,172,664952.28,3866.001627906977,47.046477223044256,200.0,46,0.26744186046511625,6.494302302325582,80.0,Extreme Greed,37.474507321438914,2024-11-24,93.0,94.0,-13.0,5523.740734,937410.87
2024-11-25,5523.740734,21.66172836862745,136.53631849159856,255,937410.87,3676.1210588235294,65.40504382312459,200.0,105,0.4117647058823529,23.064553239215684,82.0,Extreme Greed,40.1620517008198,2024-11-25,80.0,93.0,2.0,1094.809359,1146902.44
2024-11-26,1094.809359,3.6251965529801327,55.535465040558826,302,1146902.44,3797.6901986754965,67.32928333372466,200.0,88,0.2913907284768212,9.118908334437085,79.0,Extreme Greed,19.36500138832463,2024-11-26,82.0,80.0,-3.0,-2654.495633,1444242.53
2024-11-27,-2654.495633,-12.462420812206572,56.196623877144376,213,1444242.53,6780.481361502348,90.9376303069241,200.0,74,0.3474178403755869,17.80258246478873,75.0,Extreme Greed,-46.410005574834805,2024-11-27,79.0,82.0,-4.0,-127075.39958499999,1894225.15
2024-11-28,-127075.39958499999,-382.75722766566264,1422.4245637679367,332,1894225.15,5705.497439759036,54.786728053868714,200.0,109,0.32831325301204817,414.9928009728916,77.0,Extreme Greed,-89.2744180616215,2024-11-28,75.0,79.0,2.0,176844.994152,794262.91
2024-11-29,176844.994152,449.98726247328244,2425.1393783219637,393,794262.91,2021.0252162849874,23.389093360667122,200.0,192,0.48854961832061067,450.1322577913486,78.0,Extreme Greed,72.89152294058003,2024-11-29,77.0,75.0,1.0,37316.69352,1732193.7
2024-11-30,37316.69352,100.04475474530831,327.5103351176057,373,1732193.7,4643.950938337802,20.20248202781979,200.0,157,0.42091152815013405,100.46395856300268,84.0,Extreme Greed,113.59366671566282,2024-11-30,78.0,77.0,6.0,40886.364494,814711.82
2024-12-01,40886.364494,98.28453003365385,338.03944268346726,416,814711.82,1958.441875,23.86259355197546,200.0,221,0.53125,98.5767491201923,81.0,Extreme Greed,120.59471361322457,2024-12-01,84.0,78.0,-3.0,18489.604313,585243.56
2024-12-02,18489.604313,68.48001597407408,379.90364074572494,270,585243.56,2167.568740740741,17.308958021306633,200.0,110,0.4074074074074074,68.59823227037037,80.0,Extreme Greed,48.54142185882353,2024-12-02,81.0,84.0,-1.0,23576.539285,1084666.53
2024-12-03,23576.539285,63.03887509358289,229.00768096588675,374,1084666.53,2900.177887700535,11.211958541550205,200.0,161,0.4304812834224599,64.31711621122994,76.0,Extreme Greed,102.50326939514997,2024-12-03,80.0,81.0,-4.0,292891.815021,769287.65
2024-12-04,292891.815021,918.1561599404388,4090.2838520231076,319,769287.65,2411.5600313479626,8.022821578641466,200.0,148,0.46394984326018807,918.9654810815047,78.0,Extreme Greed,71.58921884047896,2024-12-04,76.0,80.0,2.0,71574.11848800001,1256750.79
2024-12-05,71574.11848800001,156.96078615789474,1402.284112762816,456,1256750.79,2756.0324342105264,16.390375620664702,200.0,193,0.4232456140350877,158.79394759649122,84.0,Extreme Greed,51.00472373130723,2024-12-05,78.0,76.0,6.0,-92624.643895,3471019.22
2024-12-06,-92624.643895,-229.83782604218362,6326.353243835444,403,3471019.22,8612.950918114144,37.10970449959641,200.0,94,0.23325062034739455,642.4283060669975,72.0,Greed,-14.638766056761805,2024-12-06,84.0,78.0,-12.0,85906.279067,451733.42
2024-12-07,85906.279067,282.5864442993421,2478.915786497859,304,451733.42,1485.965197368421,10.535467473437533,200.0,131,0.4309210526315789,282.64668514144734,75.0,Extreme Greed,34.640804955847706,2024-12-07,72.0,84.0,3.0,15965.933436,932939.72
2024-12-08,15965.933436,38.014127228571425,232.61343396421137,420,932939.72,2221.2850476190474,9.425136535041647,200.0,152,0.3619047619047619,38.126795423809526,79.0,Extreme Greed,68.34338747165506,2024-12-08,75.0,72.0,4.0,6310.967676,983949.68
2024-12-09,6310.967676,11.708659881261596,100.89854795146519,539,983949.68,1825.5096103896105,10.712808407703756,200.0,172,0.31910946196660483,11.729913406307977,78.0,Extreme Greed,61.93383323779989,2024-12-09,79.0,75.0,-1.0,39325.770231,3150424.08
2024-12-10,39325.770231,24.640206911654136,141.48990698368283,1596,3150424.08,1973.94992481203,9.181498265434326,200.0,937,0.5870927318295739,26.732361679824564,78.0,Extreme Greed,275.98986527167415,2024-12-10,78.0,79.0,0.0,319051.554217,2194098.33
2024-12-11,319051.554217,261.30348420720725,2003.1396625321522,1221,2194098.33,1796.9683292383293,8.554470224459997,200.0,870,0.7125307125307125,263.4268575749386,74.0,Greed,159.19626769617983,2024-12-11,78.0,78.0,-4.0,599151.795008,4557189.87
2024-12-12,599151.795008,310.1199767122153,1920.807926510415,1932,4557189.87,2358.7939285714288,7.654836875243598,200.0,1352,0.6997929606625258,313.8050557763975,83.0,Extreme Greed,311.7646601114448,2024-12-12,74.0,78.0,9.0,31935.901745,2880824.64
2024-12-13,31935.901745,27.22583268968457,194.07940958725385,1173,2880824.64,2455.9459846547315,11.746673595240692,200.0,471,0.40153452685422,27.689943059676043,76.0,Extreme Greed,163.7071888446326,2024-12-13,83.0,74.0,-7.0,167801.399244,2369561.78
2024-12-14,167801.399244,135.87157833522267,647.5595884815575,1235,2369561.78,1918.6735060728743,7.678671863891707,200.0,585,0.47368421052631576,136.21857805991903,83.0,Extreme Greed,258.72934765618936,2024-12-14,76.0,83.0,7.0,97525.315279,2583269.81
2024-12-15,97525.315279,57.4692488385386,400.0229746982094,1697,2583269.81,1522.256812021214,6.673733374385731,200.0,417,0.24572775486152032,58.818231175604005,80.0,Extreme Greed,243.19134172398194,2024-12-15,83.0,76.0,-3.0,166774.344133,2740808.97
2024-12-16,166774.344133,158.07994704549765,863.2966321796321,1055,2740808.97,2597.9231943127966,8.927942698621159,200.0,535,0.5071090047393365,158.42582233459717,83.0,Extreme Greed,192.9596135442748,2024-12-16,80.0,83.0,3.0,219591.305172,5233597.63
2024-12-17,219591.305172,113.13307839876352,546.8152085057872,1941,5233597.63,2696.3408706852138,10.28815297448131,200.0,847,0.4363730036063885,113.27978787532199,87.0,Extreme Greed,400.8492312050884,2024-12-17,83.0,80.0,4.0,13682.994673,3798887.07
2024-12-18,13682.994673,9.575223703988803,90.0826143121339,1429,3798887.07,2658.423421973408,12.945363828991788,200.0,523,0.36599020293911827,24.83478713995801,81.0,Extreme Greed,150.22619603461655,2024-12-18,87.0,83.0,-6.0,62744.004486000005,8241709.39
2024-12-19,62744.004486000005,18.79125621024259,219.82362949794262,3339,8241709.39,2468.316678646301,7.1439841743095895,200.0,2053,0.6148547469302186,26.749893774782873,75.0,Extreme Greed,284.1362793857375,2024-12-19,81.0,87.0,-6.0,254969.660039,7681274.71
2024-12-20,254969.660039,102.47976689670418,462.26198976634464,2488,7681274.71,3087.3290635048234,5.713881213291091,200.0,1383,0.5558681672025724,113.67533346744374,74.0,Greed,550.3789770613363,2024-12-20,75.0,81.0,-1.0,150022.163157,4382875.12
2024-12-21,150022.163157,89.24578415050566,263.0365857341915,1681,4382875.12,2607.302272456871,12.909355304241068,200.0,924,0.5496728138013087,89.47408518322426,73.0,Greed,568.187028853755,2024-12-21,74.0,75.0,-1.0,352197.163973,3087320.22
2024-12-22,352197.163973,455.03509557235145,1859.8434888414529,774,3087320.22,3988.7858139534887,16.72695732290609,200.0,337,0.4354005167958656,455.1606719418604,73.0,Greed,189.2674833133201,2024-12-22,73.0,74.0,0.0,-29430.626577,6771878.26
2024-12-23,-29430.626577,-12.53967898466127,714.3762237450253,2347,6771878.26,2885.333728163613,8.433852959381694,200.0,681,0.2901576480613549,78.41910823050704,70.0,Greed,-41.14006812098032,2024-12-23,73.0,73.0,-3.0,14813.780116,1767036.11
2024-12-24,14813.780116,43.827751822485205,352.00417886710017,338,1767036.11,5227.917485207101,38.01657916317782,200.0,114,0.33727810650887574,77.43621923076923,73.0,Greed,41.96488597823973,2024-12-24,70.0,73.0,3.0,756.6570469999998,347889.35
2024-12-25,756.6570469999998,3.637774264423076,89.4369605189536,208,347889.35,1672.5449519230767,14.546557332677796,200.0,63,0.30288461538461536,19.19405702403846,73.0,Greed,8.36667931626717,2024-12-25,73.0,70.0,0.0,60228.639722,2205242.65
2024-12-26,60228.639722,86.41124780774749,837.1572532043537,697,2205242.65,3163.9062410329984,18.402896336352484,200.0,358,0.5136298421807748,87.842622553802,79.0,Extreme Greed,71.85840066615216,2024-12-26,73.0,73.0,6.0,2672.811035,347913.0
2024-12-27,2672.811035,10.280042442307693,55.81376867703737,260,347913.0,1338.126923076923,30.923483186635096,200.0,110,0.4230769230769231,10.857497811538462,74.0,Greed,47.045128271525485,2024-12-27,79.0,73.0,-5.0,940.673623,281555.01
2024-12-28,940.673623,5.842693310559007,29.85731881145236,161,281555.01,1748.7888819875777,9.095979686745775,200.0,37,0.22981366459627328,6.092033832298137,72.0,Greed,30.484619507864668,2024-12-28,74.0,79.0,-2.0,2884.067927,344628.54
2024-12-29,2884.067927,14.348596651741294,84.84325152956883,201,344628.54,1714.5698507462685,18.920951963203287,200.0,64,0.31840796019900497,14.348596651741294,73.0,Greed,33.596909199164934,2024-12-29,72.0,74.0,1.0,9009.738137,1073865.73
2024-12-30,9009.738137,29.637296503289473,198.72959921857932,304,1073865.73,3532.453059210526,34.43016589899896,200.0,120,0.39473684210526316,29.655283674342105,65.0,Greed,45.109679147455545,2024-12-30,73.0,72.0,-8.0,5445.01281,877164.62
2024-12-31,5445.01281,17.794159509803922,108.99687767512427,306,877164.62,2866.551045751634,59.45469858557931,200.0,92,0.3006535947712418,18.223173156862746,64.0,Greed,49.50152154392821,2024-12-31,65.0,73.0,-1.0,-9528.065345,282582.1
2025-01-01,-9528.065345,-99.25068067708334,989.3224125030252,96,282582.1,2943.5635416666664,27.616018359440528,200.0,29,0.3020833333333333,102.65609646875,66.0,Greed,-9.621175108940488,2025-01-01,64.0,65.0,2.0,8716.519087,774674.84
2025-01-02,8716.519087,24.145482235457067,117.65384746788118,361,774674.84,2145.9136842105263,26.45484164725163,200.0,165,0.45706371191135736,24.3235253767313,70.0,Greed,73.46174837996303,2025-01-02,66.0,64.0,4.0,6028.486793,771208.99
2025-01-03,6028.486793,11.867099986220472,63.36348991609002,508,771208.99,1518.1279330708662,24.753956901655283,200.0,138,0.27165354330708663,12.19751693503937,74.0,Greed,93.66314351287154,2025-01-03,70.0,66.0,4.0,2553.537968,1826029.6199999999
2025-01-04,2553.537968,6.882851665768194,75.44665860042967,371,1826029.6199999999,4921.912722371967,42.464642193915004,200.0,75,0.20215633423180593,7.606433654986524,73.0,Greed,33.402872208539506,2025-01-04,74.0,70.0,-1.0,3187.719363,451943.57
2025-01-05,3187.719363,13.337737920502093,59.881873800685874,239,451943.57,1890.977280334728,17.310092435714353,200.0,100,0.41841004184100417,13.551356866108787,72.0,Greed,52.35908759043629,2025-01-05,73.0,74.0,-1.0,6064.185393,556526.99
2025-01-06,6064.185393,10.583220581151831,104.19079085435088,573,556526.99,971.2512914485166,18.658333862339205,200.0,89,0.15532286212914484,11.397890689354275,76.0,Extreme Greed,57.64939443602609,2025-01-06,72.0,73.0,4.0,16098.227531,1313178.1
2025-01-07,16098.227531,25.271942748822607,79.2581805510636,637,1313178.1,2061.504081632653,23.400608720249497,200.0,485,0.7613814756671899,26.068052412872838,78.0,Extreme Greed,200.58051927501194,2025-01-07,76.0,72.0,2.0,130117.090554,3177275.18
2025-01-08,130117.090554,125.23300342059672,2408.3681940977062,1039,3177275.18,3058.0126852743024,25.62410231592794,200.0,386,0.37151106833493747,127.19195363811356,70.0,Greed,54.00465187211789,2025-01-08,78.0,76.0,-8.0,46975.928902,1020733.25
2025-01-09,46975.928902,89.99220096168582,658.1149316624325,522,1020733.25,1955.427681992337,20.123576167757022,200.0,145,0.2777777777777778,92.34634390804598,69.0,Greed,71.27122546521045,2025-01-09,70.0,78.0,-1.0,-10116.875552,6547449.68
2025-01-10,-10116.875552,-12.352717401709402,816.5240640739952,819,6547449.68,7994.444053724053,66.17427211411233,200.0,432,0.5274725274725275,126.05316515995116,50.0,Neutral,-12.37501866499713,2025-01-10,69.0,70.0,-19.0,2269.080536,1658098.71
2025-01-11,2269.080536,8.017952424028268,43.43091035574405,283,1658098.71,5859.006042402827,63.97798722998733,200.0,69,0.24381625441696114,11.665895660777386,69.0,Greed,51.069863701468186,2025-01-11,50.0,69.0,19.0,5742.241803,2258459.17
2025-01-12,5742.241803,9.538607646179402,150.46366054945935,602,2258459.17,3751.59330564784,25.981864528068698,200.0,472,0.7840531561461794,9.70456138704319,62.0,Greed,37.91167981923237,2025-01-12,69.0,50.0,-7.0,9655.429352,2936648.0100000002
2025-01-13,9655.429352,23.66526801960784,77.40018335810606,408,2936648.0100000002,7197.666691176471,61.06852914529225,200.0,158,0.3872549019607843,24.022356656862744,61.0,Greed,123.15569860209634,2025-01-13,62.0,69.0,-1.0,16069.512355,876581.97
2025-01-14,16069.512355,58.43459038181818,146.32035377772365,275,876581.97,3187.5708,47.706386822150684,200.0,137,0.49818181818181817,58.51629563272728,63.0,Greed,109.07869783726976,2025-01-14,61.0,62.0,2.0,14819.5883,1801599.8900000001
2025-01-15,14819.5883,55.50407602996255,189.6085235008543,267,1801599.8900000001,6747.565131086143,59.67838607755505,200.0,123,0.4606741573033708,57.29563659925093,70.0,Greed,77.74882270641784,2025-01-15,63.0,61.0,7.0,20807.709328,3049692.96
2025-01-16,20807.709328,56.08546988679245,566.3419882789403,371,3049692.96,8220.196657681941,61.124615452872604,200.0,127,0.3423180592991914,57.686564743935314,75.0,Extreme Greed,36.675778909157074,2025-01-16,70.0,63.0,5.0,7006.415608,1110230.46
2025-01-17,7006.415608,29.43872104201681,198.25145103146025,238,1110230.46,4664.8338655462185,18.37981835537303,200.0,126,0.5294117647058824,29.438801857142856,75.0,Extreme Greed,35.163686747223444,2025-01-17,75.0,70.0,0.0,443.2330819999997,2711629.88
2025-01-18,443.2330819999997,0.6808495883256523,330.24136524302247,651,2711629.88,4165.330076804916,19.31601590165662,200.0,248,0.38095238095238093,46.074886344086025,77.0,Extreme Greed,1.3380970147699156,2025-01-18,75.0,75.0,2.0,87923.799302,9715215.3
2025-01-19,87923.799302,56.10963580216975,604.713913705048,1567,9715215.3,6199.8821314613915,18.712255090614548,200.0,317,0.20229738353541799,69.53718281557116,77.0,Extreme Greed,145.15730497948317,2025-01-19,77.0,75.0,0.0,87277.239173,8287327.01
2025-01-20,87277.239173,66.37052408593155,569.11572956866,1315,8287327.01,6302.149817490495,32.12971235810997,200.0,687,0.5224334600760456,83.01162699847909,76.0,Extreme Greed,153.086881568822,2025-01-20,77.0,77.0,-1.0,11077.839421,1523729.82
2025-01-21,11077.839421,20.901583813207548,111.25104651632293,530,1523729.82,2874.961924528302,34.94400011385372,200.0,205,0.3867924528301887,20.934428975471697,76.0,Extreme Greed,98.68807253738274,2025-01-21,76.0,77.0,0.0,20524.408057,1778406.43
2025-01-22,20524.408057,24.66875968389423,156.5100803482523,832,1778406.43,2137.5077283653845,14.836219511588855,200.0,234,0.28125,25.75626762860577,84.0,Extreme Greed,130.30536211790925,2025-01-22,76.0,76.0,8.0,101256.24216,3697028.66
2025-01-23,101256.24216,83.13320374384236,341.1383231952165,1218,3697028.66,3035.3273070607556,12.860044315071937,200.0,805,0.6609195402298851,95.1518759819376,75.0,Extreme Greed,295.95118493120526,2025-01-23,84.0,76.0,-9.0,10602.779738,1611433.45
2025-01-24,10602.779738,12.131326931350113,80.89983729393776,874,1611433.45,1843.7453661327231,12.842648263520712,200.0,488,0.5583524027459954,12.306715318077803,75.0,Extreme Greed,129.46032725250382,2025-01-24,75.0,84.0,0.0,-10348.016255999999,1239377.7
2025-01-25,-10348.016255999999,-20.450625011857706,490.2783467561706,506,1239377.7,2449.363043478261,11.563162849760468,200.0,141,0.27865612648221344,58.51410662055336,75.0,Extreme Greed,-21.063448703420846,2025-01-25,75.0,75.0,0.0,40823.466668,1201173.66
2025-01-26,40823.466668,90.51766445232816,461.7192943559634,451,1201173.66,2663.3562305986693,5.416210681408648,200.0,196,0.43458980044345896,91.3766060842572,73.0,Greed,88.22512301938956,2025-01-26,75.0,75.0,-2.0,41331.765392,1508028.31
2025-01-27,41331.765392,53.469295461837,353.4714697323709,773,1508028.31,1950.8775032341528,21.970284037967797,200.0,368,0.4760672703751617,55.2211126080207,71.0,Greed,116.60110593161659,2025-01-27,73.0,75.0,-2.0,17979.613973,579412.17
2025-01-28,17979.613973,36.103642516064255,81.72678441252614,498,579412.17,1163.4782530120483,21.122528726597654,200.0,313,0.6285140562248996,36.55800828714859,72.0,Greed,217.33727595820346,2025-01-28,71.0,73.0,1.0,23421.01147,1897513.41
2025-01-29,23421.01147,25.737375241758244,91.52029500857424,910,1897513.41,2085.1795714285713,2.1140845930505034,200.0,379,0.4164835164835165,25.832439606593407,72.0,Greed,253.14458268674434,2025-01-29,72.0,71.0,0.0,23097.471385,3014397.17
2025-01-30,23097.471385,21.64711470009372,113.20284838153209,1067,3014397.17,2825.114498594189,18.366704022403894,200.0,370,0.3467666354264292,23.715198936269918,70.0,Greed,202.24952102626474,2025-01-30,72.0,72.0,-2.0,35868.296773,2783411.48
2025-01-31,35868.296773,35.303441705708664,134.44285309446968,1016,2783411.48,2739.578228346457,14.115325121501773,200.0,550,0.5413385826771654,35.983295310039374,76.0,Extreme Greed,264.8223656953115,2025-01-31,70.0,72.0,6.0,32300.205017,1363746.44
2025-02-01,32300.205017,50.946695610410096,446.4149984530011,634,1363746.44,2151.019621451104,12.445640416450132,200.0,378,0.5962145110410094,51.88506520031545,68.0,Greed,72.19294196368563,2025-02-01,76.0,70.0,-8.0,162854.759623,5661092.29
2025-02-02,162854.759623,123.46835452843062,1386.063749537317,1319,5661092.29,4291.957763457164,18.643633568722542,200.0,473,0.35860500379075055,131.89679404473085,60.0,Greed,117.40971507425196,2025-02-02,68.0,76.0,-8.0,348871.326269,22592901.37
2025-02-03,348871.326269,146.58459086932774,1292.2669438694834,2380,22592901.37,9492.815701680673,28.14003704707705,200.0,1103,0.4634453781512605,215.3041456617647,44.0,Fear,269.7597181484971,2025-02-03,60.0,68.0,-16.0,416876.88812,15678409.27
2025-02-04,416876.88812,165.9541752070064,2184.1682347008123,2512,15678409.27,6241.404964171974,31.61209037214101,200.0,695,0.276671974522293,184.93853053821655,72.0,Greed,190.77564898662266,2025-02-04,44.0,60.0,28.0,56706.235562,8743231.51
2025-02-05,56706.235562,43.721075992289904,444.31734690264386,1297,8743231.51,6741.1191287586735,46.12474790117388,200.0,417,0.3215111796453354,57.4113241927525,54.0,Neutral,127.33893246336355,2025-02-05,72.0,44.0,-18.0,33803.799733,2818508.87
2025-02-06,33803.799733,19.84955944392249,609.1348918969087,1703,2818508.87,1655.0257604227834,10.255702195863718,200.0,785,0.46095126247798,51.352460264826775,49.0,Neutral,55.403813454929654,2025-02-06,54.0,72.0,-5.0,22450.002091,3460263.54
2025-02-07,22450.002091,14.730972500656167,94.68612173896997,1524,3460263.54,2270.5141338582675,48.08654483845412,200.0,430,0.2821522309711286,18.20068170406824,44.0,Fear,234.62129808378276,2025-02-07,49.0,54.0,-5.0,586.703253,839734.97
2025-02-08,586.703253,1.0203534834782608,11.464135616658202,575,839734.97,1460.4086434782607,34.778400352736014,200.0,110,0.19130434782608696,1.6827707495652173,44.0,Fear,47.07131493465752,2025-02-08,44.0,49.0,0.0,150551.829492,2920919.7
2025-02-09,150551.829492,197.05736844502616,2082.4614891202827,764,2920919.7,3823.19332460733,8.165373830264576,200.0,329,0.4306282722513089,197.08127257853403,46.0,Neutral,72.26043307168051,2025-02-09,44.0,44.0,2.0,63908.49465,3624958.44
2025-02-10,63908.49465,71.88807047244094,921.8916254848083,889,3624958.44,4077.5685489313837,56.247613577987885,200.0,425,0.4780652418447694,73.65654408548932,43.0,Fear,69.24810333654068,2025-02-10,46.0,44.0,-3.0,-6093.784817,2797544.17
2025-02-11,-6093.784817,-7.186067001179245,127.34220698976809,848,2797544.17,3298.990766509434,40.082868041644026,200.0,185,0.21816037735849056,22.813671734669814,47.0,Neutral,-47.480754460501196,2025-02-11,43.0,46.0,4.0,19848.635032,4143974.54
2025-02-12,19848.635032,19.251828353055284,351.50279374147897,1031,4143974.54,4019.3739476236665,49.66723079493766,200.0,477,0.4626576139670223,64.30070727449079,46.0,Neutral,56.30773822052807,2025-02-12,47.0,43.0,-1.0,27829.534238,3199852.21
2025-02-13,27829.534238,20.313528640875912,115.2749060467816,1370,3199852.21,2335.6585474452554,37.665943703213095,200.0,641,0.4678832116788321,25.50533631386861,50.0,Neutral,239.34256482480555,2025-02-13,46.0,47.0,4.0,213860.675308,4007103.42
2025-02-14,213860.675308,129.22095184773414,532.3132229110405,1655,4007103.42,2421.210525679758,42.07557146358876,200.0,710,0.42900302114803623,132.83937843383686,48.0,Neutral,401.0038868728239,2025-02-14,50.0,46.0,-2.0,45042.92701,1712852.95
2025-02-15,45042.92701,48.32932082618026,338.46361083281846,932,1712852.95,1837.8250536480687,28.548465471147765,200.0,401,0.4302575107296137,48.621362957081544,50.0,Neutral,132.68852852738632,2025-02-15,48.0,50.0,2.0,2369.478425,806177.64
2025-02-16,2369.478425,3.4794103157121876,12.19814466020818,681,806177.64,1183.8144493392072,11.924569051072636,200.0,300,0.44052863436123346,3.998757593245228,54.0,Neutral,179.53117547982876,2025-02-16,50.0,48.0,4.0,1818.573295,2031044.64
2025-02-17,1818.573295,1.9325964877789585,33.8310065066735,941,2031044.64,2158.3896280552603,12.164984467100547,200.0,211,0.22422954303931988,2.7160639925611054,51.0,Neutral,52.21133344658207,2025-02-17,54.0,50.0,-3.0,91204.672403,3371128.68
2025-02-18,91204.672403,54.418062292959426,402.7229620509518,1676,3371128.68,2011.413293556086,15.81731753420369,200.0,858,0.5119331742243437,56.03618941109786,47.0,Neutral,225.90905392071687,2025-02-18,51.0,54.0,-4.0,14985.794701,3263930.24
2025-02-19,14985.794701,11.010870463629685,61.23254296974973,1361,3263930.24,2398.185334313005,38.94988101129319,200.0,582,0.4276267450404115,13.262336945628213,44.0,Fear,240.8031873016078,2025-02-19,47.0,51.0,-3.0,46008.794102,4628609.29
2025-02-20,46008.794102,22.867193887673956,157.96383053076914,2012,4628609.29,2300.5016351888667,35.206221125585664,200.0,964,0.47912524850894633,23.22378895526839,49.0,Neutral,289.42932457263925,2025-02-20,44.0,47.0,5.0,119693.49395,3972159.88
2025-02-21,119693.49395,63.904695114789114,366.09286225427314,1873,3972159.88,2120.747399893219,39.473883644849444,200.0,978,0.5221569674319274,64.52426449439402,55.0,Greed,326.0578078663166,2025-02-21,49.0,44.0,6.0,25278.704178,3175570.2
2025-02-22,25278.704178,36.849423,176.9982164477057,686,3175570.2,4629.111078717201,49.74034283192167,200.0,341,0.4970845481049563,37.59228466763849,49.0,Neutral,142.01661501157042,2025-02-22,55.0,49.0,-6.0,10656.934251,1141310.74
2025-02-23,10656.934251,20.494104328846156,123.32426355829121,520,1141310.74,2194.8283461538463,22.31809456722698,200.0,234,0.45,28.441305575,50.0,Neutral,85.71886087226525,2025-02-23,49.0,55.0,1.0,38470.176242,11223619.59
2025-02-24,38470.176242,6.850102607193732,55.56892309267754,5616,11223619.59,1998.5077617521367,2.3203583284831444,200.0,2228,0.39672364672364674,10.703617731837607,49.0,Neutral,680.0584868651973,2025-02-24,50.0,49.0,-1.0,204762.177034,19414984.36
2025-02-25,204762.177034,32.782929400256165,673.7439962496502,6246,19414984.36,3108.3868651937237,5.175988341563023,200.0,1628,0.260646813960935,45.330367096381686,25.0,Fear,303.46646753747405,2025-02-25,49.0,50.0,-24.0,63229.063129,4946958.13
2025-02-26,63229.063129,53.76621014370748,406.24323217797456,1176,4946958.13,4206.597049319727,6.599552021048836,200.0,789,0.6709183673469388,55.78702417942177,21.0,Extreme Fear,155.2611759582722,2025-02-26,25.0,49.0,-4.0,-36525.167517,1999898.43
2025-02-27,-36525.167517,-41.039514064044944,517.9053830350915,890,1999898.43,2247.0768876404495,13.458309312400749,200.0,247,0.27752808988764044,69.2605125494382,10.0,Extreme Fear,-70.38887764733393,2025-02-27,21.0,25.0,-11.0,225628.108748,4123660.77
2025-02-28,225628.108748,221.4211077016683,3851.3712028844916,1019,4123660.77,4046.7721000981355,16.209203349189952,200.0,396,0.3886162904808636,229.81109266928362,16.0,Extreme Fear,58.568631335178516,2025-02-28,10.0,21.0,6.0,10596.108968,263824.13
2025-03-01,10596.108968,60.897177977011495,134.45844944800064,174,263824.13,1516.230632183908,15.598839741468893,200.0,78,0.4482758620689655,62.09427052873563,20.0,Extreme Fear,78.22405328851488,2025-03-01,16.0,10.0,4.0,66914.320708,6460848.74
2025-03-02,66914.320708,125.77879832330827,523.6453822891723,532,6460848.74,12144.452518796992,39.01501232213018,200.0,267,0.5018796992481203,135.67601133082707,26.0,Fear,127.54199878027019,2025-03-02,20.0,16.0,6.0,616413.032233,8244590.38
2025-03-03,616413.032233,415.9332201302294,1682.4075657180047,1482,8244590.38,5563.151403508772,19.910144835502713,200.0,912,0.6153846153846154,420.04532424358973,33.0,Fear,366.16981222256084,2025-03-03,26.0,20.0,7.0,182075.566585,11124247.15
2025-03-04,182075.566585,75.80165136761032,940.9538347121356,2402,11124247.15,4631.24360949209,8.081529402014967,200.0,609,0.25353871773522063,98.55993055995005,15.0,Extreme Fear,193.29563708463795,2025-03-04,33.0,26.0,-18.0,269328.365917,9193654.22
2025-03-05,269328.365917,162.24600356445782,1724.8671279418056,1660,9193654.22,5538.345915662651,9.396575276593554,200.0,1259,0.7584337349397591,169.36831875963856,20.0,Extreme Fear,156.05394039701616,2025-03-05,15.0,33.0,5.0,16101.125561,6765324.96
2025-03-06,16101.125561,21.18569152763158,163.11101162302057,760,6765324.96,8901.743368421052,17.890907587062472,200.0,365,0.48026315789473684,21.74157602236842,25.0,Fear,98.11118341032409,2025-03-06,20.0,15.0,5.0,150236.061627,19854275.48
2025-03-07,150236.061627,58.86993010462382,278.36230520474373,2552,19854275.48,7779.888510971787,12.569877729698192,200.0,1333,0.5223354231974922,62.078546788793105,34.0,Fear,537.7821518078198,2025-03-07,25.0,20.0,9.0,24700.773359,892083.51
2025-03-08,24700.773359,46.69333338185255,218.21981324664878,529,892083.51,1686.3582419659735,10.725300745301029,200.0,301,0.5689981096408318,50.933979669187146,28.0,Fear,112.67582520567447,2025-03-08,34.0,25.0,-6.0,19773.457395,10419697.99
2025-03-09,19773.457395,13.905384947257385,83.14231057374892,1422,10419697.99,7327.495070323488,8.42651633233023,200.0,627,0.4409282700421941,13.905384947257385,27.0,Fear,235.00017125948773,2025-03-09,28.0,34.0,-1.0,-10010.027269999999,16811790.68
2025-03-10,-10010.027269999999,-3.438690233596702,598.2310344559482,2911,16811790.68,5775.263029886637,8.638963968281931,200.0,1157,0.39745791824115423,36.6554392504294,20.0,Extreme Fear,-16.704787793723447,2025-03-10,27.0,28.0,-7.0,-76880.729036,14016952.09
2025-03-11,-76880.729036,-23.3964482763238,284.15739785646804,3286,14016952.09,4265.657970176507,6.462701735490123,200.0,616,0.18746195982958003,51.00453269933049,24.0,Extreme Fear,-269.6080466925055,2025-03-11,20.0,27.0,4.0,288105.984215,18618139.15
2025-03-12,288105.984215,72.60735489289314,541.1021890156194,3968,18618139.15,4692.071358366935,9.418780304105306,200.0,2240,0.5645161290322581,82.13350095841733,34.0,Fear,531.4606545643351,2025-03-12,24.0,20.0,10.0,14114.870873,3285591.22
2025-03-13,14114.870873,14.672422944906446,114.25301264822082,962,3285591.22,3415.375488565489,16.630330517537654,200.0,440,0.4573804573804574,19.926903641372142,45.0,Neutral,122.46856328243575,2025-03-13,34.0,24.0,11.0,68646.160089,8047187.16
2025-03-14,68646.160089,31.061610899999998,241.26619975032932,2210,8047187.16,3641.261158371041,8.944153397422369,200.0,1887,0.8538461538461538,31.60887809276018,27.0,Fear,283.3501336948539,2025-03-14,45.0,34.0,-18.0,78694.624572,2355749.54
2025-03-15,78694.624572,301.51197154022987,1437.1563922090597,261,2355749.54,9025.86030651341,51.43776990370084,200.0,155,0.5938697318007663,305.19740059003834,46.0,Neutral,54.719100786474435,2025-03-15,27.0,45.0,19.0,-7910.943544999999,10187921.51
2025-03-16,-7910.943544999999,-14.926308575471696,799.610022581558,530,10187921.51,19222.49341509434,103.98619267564679,200.0,123,0.2320754716981132,91.10485825471697,30.0,Fear,-9.88114477944112,2025-03-16,46.0,27.0,-16.0,26163.906513,3592895.05
2025-03-17,26163.906513,28.439028818478263,130.36244691738273,920,3592895.05,3905.320706521739,21.34334816200392,200.0,417,0.4532608695652174,33.88475337065217,32.0,Fear,199.1734101105407,2025-03-17,30.0,46.0,2.0,72322.788824,4050655.47
2025-03-18,72322.788824,86.71797221103118,1190.357985851897,834,4050655.47,4856.901043165468,23.958828846215198,200.0,188,0.22541966426858512,87.41163273860911,34.0,Fear,60.70617705414934,2025-03-18,32.0,30.0,2.0,29374.682341,4598813.57
2025-03-19,29374.682341,18.222507655707197,118.43599190620486,1612,4598813.57,2852.8620161290323,30.951579788801432,200.0,671,0.4162531017369727,20.73199439516129,32.0,Fear,245.94497749111042,2025-03-19,34.0,32.0,-2.0,10246.859436,1652257.93
2025-03-20,10246.859436,13.290349463035021,67.20472187875403,771,1652257.93,2143.0063942931256,7.053673734501393,200.0,315,0.4085603112840467,19.507530721141375,49.0,Neutral,150.2368040473152,2025-03-20,32.0,34.0,17.0,6951.270374,2543903.39
2025-03-21,6951.270374,9.958840077363897,54.71326809694039,698,2543903.39,3644.560730659026,11.959577743083415,200.0,349,0.5,9.958840077363897,31.0,Fear,124.76867021882249,2025-03-21,49.0,32.0,-18.0,12498.535254,971809.42
2025-03-22,12498.535254,23.361748138317758,90.3328712770384,535,971809.42,1816.4662056074767,7.599222662750183,200.0,254,0.4747663551401869,32.46607048971963,32.0,Fear,136.84596880884664,2025-03-22,31.0,49.0,1.0,14047.421585,2593519.67
2025-03-23,14047.421585,31.425999071588368,157.7488368670644,447,2593519.67,5802.057427293064,15.179794109466497,200.0,146,0.32662192393736017,31.425999071588368,30.0,Fear,88.48834336193121,2025-03-23,32.0,31.0,-2.0,107878.961301,3017587.05
2025-03-24,107878.961301,105.04280555111977,1157.024782283737,1027,3017587.05,2938.254186952288,12.114625547889554,200.0,632,0.6153846153846154,108.27470950438169,45.0,Neutral,93.15773112234459,2025-03-24,30.0,32.0,15.0,32030.90678,5372519.77
2025-03-25,32030.90678,40.49419314791403,272.71532758680485,791,5372519.77,6792.060391908975,29.240259918010164,200.0,286,0.3615676359039191,53.9449219216182,46.0,Neutral,117.02270041798029,2025-03-25,45.0,30.0,1.0,15802.167427,7597754.37
2025-03-26,15802.167427,5.094186791424887,91.09493587755279,3102,7597754.37,2449.30830754352,4.662466549929512,200.0,841,0.27111540941328177,24.730152501289492,47.0,Neutral,171.58562820446699,2025-03-26,46.0,45.0,1.0,58825.359221,3240279.46
2025-03-27,58825.359221,74.9367633388535,315.07403347375833,785,3240279.46,4127.744535031847,19.595143963764944,200.0,262,0.33375796178343947,76.26303085477707,40.0,Fear,186.1125970219376,2025-03-27,47.0,46.0,-7.0,21337.179335,1483092.61
2025-03-28,21337.179335,29.30931227335165,149.5584882417023,728,1483092.61,2037.2151236263737,19.938096297804215,200.0,231,0.3173076923076923,29.378323625,44.0,Fear,141.72020179125272,2025-03-28,40.0,47.0,4.0,12098.872931,3668151.83
2025-03-29,12098.872931,6.38800049155227,148.35227843946458,1894,3668151.83,1936.7221911298839,5.357309100022695,200.0,674,0.3558606124604013,21.035008392291445,26.0,Fear,81.00896121182316,2025-03-29,44.0,40.0,-18.0,15795.11514,2850874.96
2025-03-30,15795.11514,27.8083013028169,221.1953359721309,568,2850874.96,5019.146056338028,18.024094063079612,200.0,94,0.16549295774647887,33.82352194014084,32.0,Fear,71.0866187667464,2025-03-30,26.0,44.0,6.0,6978.184557,2164772.4699999997
2025-03-31,6978.184557,14.097342539393939,323.1311708660487,495,2164772.4699999997,4373.277717171717,20.798579499480176,200.0,259,0.5232323232323233,50.11801433737373,34.0,Fear,21.52889072147838,2025-03-31,32.0,26.0,2.0,-2202.6622420000003,704445.1900000001
2025-04-01,-2202.6622420000003,-11.472199177083334,297.0927135926486,192,704445.1900000001,3668.9853645833336,31.4812937358568,200.0,88,0.4583333333333333,94.47995075,34.0,Fear,-7.389185114433879,2025-04-01,34.0,32.0,0.0,202212.740938,3867930.6
2025-04-02,202212.740938,187.930056633829,783.0878201791388,1076,3867930.6,3594.7310408921935,16.0875351609788,200.0,963,0.8949814126394052,187.93016336988848,44.0,Fear,257.8955261564972,2025-04-02,34.0,34.0,10.0,-2365.961276,8670233.15
2025-04-03,-2365.961276,-1.353524757437071,81.23364439225159,1748,8670233.15,4960.087614416476,13.895343948854121,200.0,520,0.2974828375286041,9.277709719679635,25.0,Fear,-28.771207861279358,2025-04-03,44.0,34.0,-19.0,-25515.678949999998,3835545.73
2025-04-04,-25515.678949999998,-20.05949602987421,581.2639206142574,1272,3835545.73,3015.3661399371067,12.449817830686387,200.0,493,0.38757861635220126,65.4042694072327,28.0,Fear,-43.82150094940164,2025-04-04,25.0,44.0,3.0,35907.33771,1267564.22
2025-04-05,35907.33771,99.74260475,333.05923440903956,360,1267564.22,3521.011722222222,27.706760185553186,200.0,209,0.5805555555555556,100.935463,30.0,Fear,107.48793630423394,2025-04-05,28.0,25.0,2.0,47053.449272,3551252.06
2025-04-06,47053.449272,44.89832945801527,464.3283247115555,1048,3551252.06,3388.59929389313,11.60467858872486,200.0,332,0.31679389312977096,48.845330122137405,34.0,Fear,101.11881605566813,2025-04-06,30.0,28.0,4.0,34527.370305,14460253.14
2025-04-07,34527.370305,12.269854408315563,651.4553059500641,2814,14460253.14,5138.682707889126,22.810477081218313,200.0,673,0.23916133617626156,98.14337724840085,23.0,Extreme Fear,52.91913482828287,2025-04-07,34.0,30.0,-11.0,34899.394798,8869391.4
2025-04-08,34899.394798,37.00890222481442,299.82321782812363,943,8869391.4,9405.505196182397,66.43387098433405,200.0,386,0.4093319194061506,57.18639775609756,24.0,Extreme Fear,116.01296951068414,2025-04-08,23.0,34.0,1.0,43120.444797,28556806.47
2025-04-09,43120.444797,10.86978694151752,768.8032668175019,3967,28556806.47,7198.589984875221,45.967155969139256,200.0,1708,0.43055205444920597,130.02535320216788,18.0,Extreme Fear,56.014889330448376,2025-04-09,24.0,23.0,-6.0,158261.822261,28741953.29
2025-04-10,158261.822261,74.40612236060178,528.5261250033769,2127,28741953.29,13512.90704748472,67.70324916696842,200.0,1125,0.5289139633286318,79.84481533192289,39.0,Fear,298.8744365728711,2025-04-10,18.0,24.0,21.0,126406.479081,11319327.07
2025-04-11,126406.479081,115.33437872354014,1053.703425023061,1096,11319327.07,10327.853166058394,40.95810094438149,200.0,368,0.3357664233576642,138.0510721760949,25.0,Fear,119.85025940181822,2025-04-11,39.0,18.0,-14.0,410419.694533,55914617.49
2025-04-12,410419.694533,194.60393292223802,3804.4483148577447,2109,55914617.49,26512.383826458037,92.53618090093835,200.0,574,0.2721669037458511,202.58384528449503,43.0,Fear,107.85055020471151,2025-04-12,25.0,39.0,18.0,48696.021521,14171154.79
2025-04-13,48696.021521,36.86299888039364,312.0512492817143,1321,14171154.79,10727.596358819075,57.91391368188768,200.0,478,0.3618470855412566,47.95251135881908,45.0,Neutral,155.55287395508373,2025-04-13,43.0,25.0,2.0,45680.443063,13079972.98
2025-04-14,45680.443063,51.32634052022472,371.3131179694784,890,13079972.98,14696.598853932584,39.18567252036582,200.0,376,0.42247191011235957,67.16942283033708,31.0,Fear,122.69361690002232,2025-04-14,45.0,43.0,-14.0,72357.706282,20752168.24
2025-04-15,72357.706282,63.976751796640144,509.9926590211078,1131,20752168.24,18348.51303271441,75.81457287137044,200.0,647,0.5720601237842617,64.08513974182141,38.0,Fear,141.60224223301628,2025-04-15,31.0,45.0,7.0,58631.730257,36502715.9
2025-04-16,58631.730257,36.46251881654229,398.1610312928065,1608,36502715.9,22700.69396766169,75.73825680552163,200.0,547,0.3401741293532338,63.47630324564677,29.0,Fear,146.88741049471437,2025-04-16,38.0,31.0,-9.0,5427.919886,2604551.51
2025-04-17,5427.919886,5.264713759456837,35.53346284252171,1031,2604551.51,2526.238128031038,6.766371465320027,200.0,313,0.30358874878758485,5.881934578079535,30.0,Fear,148.57392274576236,2025-04-17,29.0,38.0,1.0,4880.4047439999995,24610650.46
2025-04-18,4880.4047439999995,2.576771248152059,859.4371749589807,1894,24610650.46,12994.007634635693,25.029203063108405,200.0,971,0.5126715945089757,50.25966108025343,33.0,Fear,5.672005912846178,2025-04-18,30.0,29.0,3.0,71950.577495,32706462.71
2025-04-19,71950.577495,25.82576363783202,250.8012104737391,2786,32706462.71,11739.577426417804,24.501963513513,200.0,814,0.2921751615218952,26.920603978822687,32.0,Fear,285.7435727160807,2025-04-19,33.0,30.0,-1.0,25060.341936,12126094.05
2025-04-20,25060.341936,12.643966668012109,302.1540722308167,1982,12126094.05,6118.110015136226,18.22280201659109,200.0,790,0.3985872855701312,26.62778185368315,37.0,Fear,82.66536468268008,2025-04-20,32.0,33.0,5.0,34369.267906999994,42104054.84
2025-04-21,34369.267906999994,20.005394590803256,542.9010428308851,1718,42104054.84,24507.598859138536,54.60008742899557,200.0,677,0.3940628637951106,72.36737678637951,39.0,Fear,63.19029602906353,2025-04-21,37.0,32.0,2.0,58652.763578,33753625.24
2025-04-22,58652.763578,19.563963835223483,373.4606094578802,2998,33753625.24,11258.714222815212,24.64253982605965,200.0,888,0.2961974649766511,33.44301898732488,47.0,Neutral,156.63266601769854,2025-04-22,39.0,37.0,8.0,-419020.225731,30682443.79
2025-04-23,-419020.225731,-68.03380836678032,1461.7777309431785,6159,30682443.79,4981.72492125345,24.86435015511055,200.0,2000,0.324728040266277,122.7587429467446,72.0,Greed,-286.4551577913492,2025-04-23,47.0,39.0,25.0,50704.395965,35088918.64
2025-04-24,50704.395965,22.717023281810036,155.5360185297309,2232,35088918.64,15720.841684587815,70.79302988197547,200.0,923,0.4135304659498208,28.246699910842295,63.0,Greed,323.9152013782036,2025-04-24,72.0,47.0,-9.0,20218.859206,27749455.78
2025-04-25,20218.859206,12.231614764670297,77.93985191492679,1653,27749455.78,16787.32957047792,52.51241260974399,200.0,638,0.38596491228070173,17.654408722323048,60.0,Greed,256.129935837602,2025-04-25,63.0,72.0,-3.0,-4125.753942,11948127.77
2025-04-26,-4125.753942,-3.6478814694960215,52.04454647609949,1131,11948127.77,10564.215534924844,38.03944310075134,200.0,195,0.1724137931034483,11.575486661361627,65.0,Greed,-77.77904075132321,2025-04-26,60.0,63.0,5.0,2702.067468,487537.69
2025-04-27,2702.067468,8.018004356083086,45.32483984864426,337,487537.69,1446.6993768545994,30.39524740795226,200.0,120,0.3560830860534125,9.007241442136499,61.0,Greed,58.328695292382726,2025-04-27,65.0,60.0,-4.0,36906.813759,26124921.49
2025-04-28,36906.813759,26.763461754169686,381.983103446108,1379,26124921.49,18944.83066715011,90.70546319489019,200.0,575,0.4169688179840464,81.757231413343,54.0,Neutral,96.36668935759823,2025-04-28,61.0,65.0,-7.0,125749.613427,34089511.66
2025-04-29,125749.613427,56.06313572313866,420.73601102444695,2243,34089511.66,15198.177289344627,36.721834980158974,200.0,969,0.43201069995541685,58.025989693713775,60.0,Greed,298.1713919130103,2025-04-29,54.0,61.0,6.0,14003.797269,12693878.85
2025-04-30,14003.797269,12.582028094339623,64.65423825477585,1113,12693878.85,11405.10229110512,59.29412228833232,200.0,295,0.26504941599281223,15.038806656783468,56.0,Greed,213.29616550659364,2025-04-30,60.0,54.0,-4.0,54536.829297000004,10720240.52
2025-05-01,54536.829297000004,44.338885607317074,972.822640253054,1230,10720240.52,8715.642699186992,32.36484246238833,200.0,530,0.43089430894308944,230.662632498374,53.0,Neutral,56.002835673268244,2025-05-01,56.0,60.0,-3.0,,
